Product_name,Price,Storage,Display_size,Camera Details,Battery,Rating,Processor,Warranty,Overall_Review
"realme C31 (Light Silver, 32 GB)","₹8,299",3 GB RAM | 32 GB ROM | Expandable Upto 1 TB,16.56 cm (6.52 inch) HD Display,13MP + 2MP + 0.3MP | 5MP Front Camera,5000 mAh Battery,4.5,Unisoc T612 Processor,1 Year Warranty for Phone and 6 Months Warranty for In-Box Accessories,"49,860 Ratings & 1,899 Reviews"
"realme GT 2 (Steel Black, 128 GB)","₹24,999",8 GB RAM | 128 GB ROM,16.81 cm (6.62 inch) Full HD+ AMOLED Display,50MP + 8MP + 2MP | 16MP Front Camera,5000 mAh Lithium Ion Battery,4.3,Qualcomm Snapdragon 888 Processor,1 Year Manufacturer Warranty for Phone and 6 Months Warranty for In-Box Accessories,"21,589 Ratings & 2,319 Reviews"
"realme C31 (Light Silver, 64 GB)","₹8,999",4 GB RAM | 64 GB ROM | Expandable Upto 1 TB,16.56 cm (6.52 inch) HD Display,13MP + 2MP + 0.3MP | 5MP Front Camera,5000 mAh Battery,4.4,Unisoc T612 Processor,1 Year Warranty for Phone and 6 Months Warranty for In-Box Accessories,"67,742 Ratings & 3,017 Reviews"
"realme C31 (Dark Green, 64 GB)","₹8,999",4 GB RAM | 64 GB ROM | Expandable Upto 1 TB,16.56 cm (6.52 inch) HD Display,13MP + 2MP + 0.3MP | 5MP Front Camera,5000 mAh Battery,4.4,Unisoc T612 Processor,1 Year Warranty for Phone and 6 Months Warranty for In-Box Accessories,"67,742 Ratings & 3,017 Reviews"
"realme Narzo 50A (Oxygen Blue, 64 GB)","₹11,499",4 GB RAM | 64 GB ROM | Expandable Upto 256 GB,16.51 cm (6.5 inch) HD+ Display,50MP + 2MP + 2MP | 8MP Front Camera,6000 mAh Battery,4.4,MediaTek Helio G85 Processor,1 Year Warranty for Mobile and 6 Months for Accessories,"3,45,038 Ratings & 21,947 Reviews"
"realme 12 5G (Twilight Purple, 128 GB)","₹16,999",6 GB RAM | 128 GB ROM | Expandable Upto 2 TB,17.07 cm (6.72 inch) Full HD+ Display,108MP + 2MP | 8MP Front Camera,5000 mAh Battery,4.4,Dimensity 6100+ Processor,1 Year Manufacturer Warranty for Device and 6 Months Manufacturer Warranty for Inbox Accessories,"7,754 Ratings & 507 Reviews"
"realme 10 (Clash White, 64 GB)","₹15,999",4 GB RAM | 64 GB ROM | Expandable Upto 1 TB,16.26 cm (6.4 inch) Full HD+ Display,50MP + 2MP | 16MP Front Camera,5000 mAh Battery,4.2,Mediatek Helio G99 Octa Core Processor,1 Year Manufacturer Warranty for Phone and 6 Months Warranty for In-Box Accessories,"27,270 Ratings & 2,222 Reviews"
"realme Narzo 50i (Carbon Black, 64 GB)","₹8,999",4 GB RAM | 64 GB ROM | Expandable Upto 256 GB,16.51 cm (6.5 inch) Display,8MP Rear Camera | 5MP Front Camera,5000 mAh Battery,4.3,SC9863A Processor,1 Year Warranty for Mobile and 6 Months for Accessories,"64,196 Ratings & 3,473 Reviews"
"realme 9i (Prism Black, 128 GB)","₹13,499",4 GB RAM | 128 GB ROM | Expandable Upto 1 TB,16.76 cm (6.6 inch) Full HD+ Display,50MP + 2MP + 2MP | 16MP Front Camera,5000 mAh Lithium ion Battery,4.5,Qualcomm Snapdragon 680 (SM6225) Processor,1 Year Manufacturer Warranty for Phone and 6 Months Warranty for in the Box Accessories,"1,34,733 Ratings & 7,689 Reviews"
"realme 9 5G (Stargaze White, 64 GB)","₹13,999",4 GB RAM | 64 GB ROM | Expandable Upto 1 TB,16.51 cm (6.5 inch) Full HD+ Display,48MP + 2MP + 2MP | 16MP Front Camera,5000 mAh Lithium Polymer Battery,4.5,Mediatek Dimensity 810 Processor,1 Year Warranty for Phone and 6 Months Warranty for In-Box Accessories,"43,436 Ratings & 2,377 Reviews"
"realme C35 (Glowing Green, 128 GB)","₹10,999",4 GB RAM | 128 GB ROM | Expandable Upto 1 TB,16.76 cm (6.6 inch) Full HD+ Display,50MP + 2MP + 0.3MP | 8MP Front Camera,5000 mAh Lithium Polymer Battery,4.4,Unisoc Tiger T616 Processor,1 Year Warranty for Phone and 6 Months Warranty for In-Box Accessories,"1,99,025 Ratings & 10,502 Reviews"
"realme C35 (Glowing Green, 64 GB)","₹9,999",4 GB RAM | 64 GB ROM | Expandable Upto 1 TB,16.76 cm (6.6 inch) Full HD+ Display,50MP + 2MP + 0.3MP | 8MP Front Camera,5000 mAh Lithium Polymer Battery,4.4,Unisoc Tiger T616 Processor,1 Year Warranty for Phone and 6 Months Warranty for In-Box Accessories,"1,99,025 Ratings & 10,502 Reviews"
"realme C35 (Glowing Black, 128 GB)","₹11,999",6 GB RAM | 128 GB ROM | Expandable Upto 1 TB,16.76 cm (6.6 inch) Full HD+ Display,50MP + 2MP + 0.3MP | 8MP Front Camera,5000 mAh Lithium Polymer Battery,4.3,Unisoc Tiger T616 Processor,1 Year Warranty for Phone and 6 Months Warranty for In-Box Accessories,"17,913 Ratings & 1,001 Reviews"
"realme C35 (Glowing Green, 128 GB)","₹11,999",6 GB RAM | 128 GB ROM | Expandable Upto 1 TB,16.76 cm (6.6 inch) Full HD+ Display,50MP + 2MP + 0.3MP | 8MP Front Camera,5000 mAh Lithium Polymer Battery,4.3,Unisoc Tiger T616 Processor,1 Year Warranty for Phone and 6 Months Warranty for In-Box Accessories,"17,913 Ratings & 1,001 Reviews"
"realme 9i (Prism Blue, 128 GB)","₹13,499",4 GB RAM | 128 GB ROM | Expandable Upto 1 TB,16.76 cm (6.6 inch) Full HD+ Display,50MP + 2MP + 2MP | 16MP Front Camera,5000 mAh Lithium ion Battery,4.5,Qualcomm Snapdragon 680 (SM6225) Processor,1 Year Manufacturer Warranty for Phone and 6 Months Warranty for in the Box Accessories,"1,34,733 Ratings & 7,689 Reviews"
"realme C35 (Glowing Black, 64 GB)","₹9,999",4 GB RAM | 64 GB ROM | Expandable Upto 1 TB,16.76 cm (6.6 inch) Full HD+ Display,50MP + 2MP + 0.3MP | 8MP Front Camera,5000 mAh Lithium Polymer Battery,4.4,Unisoc Tiger T616 Processor,1 Year Warranty for Phone and 6 Months Warranty for In-Box Accessories,"1,99,025 Ratings & 10,502 Reviews"
"realme 9i (Prism Black, 128 GB)","₹14,499",6 GB RAM | 128 GB ROM | Expandable Upto 1 TB,16.76 cm (6.6 inch) Full HD+ Display,50MP + 2MP + 2MP | 16MP Front Camera,5000 mAh Lithium ion Battery,4.5,Qualcomm Snapdragon 680 (SM6225) Processor,1 Year Manufacturer Warranty for Phone and 6 Months Warranty for in the Box Accessories,"27,691 Ratings & 1,587 Reviews"
"realme NARZO N65 5G (DEEP GREEN, 128 GB)","₹12,917",4 GB RAM | 128 GB ROM,16.94 cm (6.67 inch) Display,50MP Rear Camera,5000 mAh Battery,4.3,Not Available,Not Available,674 Ratings & 28 Reviews
"realme 10 (Rush Black, 64 GB)","₹15,999",4 GB RAM | 64 GB ROM | Expandable Upto 1 TB,16.26 cm (6.4 inch) Full HD+ Display,50MP + 2MP | 16MP Front Camera,5000 mAh Battery,4.2,Mediatek Helio G99 Octa Core Processor,1 Year Manufacturer Warranty for Phone and 6 Months Warranty for In-Box Accessories,"27,270 Ratings & 2,222 Reviews"
"realme C15 Qualcomm Edition (Power Blue, 64 GB)","₹12,999",4 GB RAM | 64 GB ROM | Expandable Upto 256 GB,16.56 cm (6.52 inch) HD+ Display,13MP + 8MP + 2MP + 2MP | 8MP Front Camera,6000 mAh Lithium-ion Battery,4.4,Qualcomm Snapdragon 460 Processor,Brand Warranty of 1 Year Available for Mobile and 6 Months for Accessories,"67,601 Ratings & 3,474 Reviews"
"realme 9i (Prism Blue, 128 GB)","₹14,499",6 GB RAM | 128 GB ROM | Expandable Upto 1 TB,16.76 cm (6.6 inch) Full HD+ Display,50MP + 2MP + 2MP | 16MP Front Camera,5000 mAh Lithium ion Battery,4.5,Qualcomm Snapdragon 680 (SM6225) Processor,1 Year Manufacturer Warranty for Phone and 6 Months Warranty for in the Box Accessories,"27,691 Ratings & 1,587 Reviews"
"realme C30 (Bamboo Green, 32 GB)","₹5,999",2 GB RAM | 32 GB ROM | Expandable Upto 1 TB,16.51 cm (6.5 inch) HD+ Display,8MP Rear Camera | 5MP Front Camera,5000 mAh Lithium Ion Battery,4.2,Unisoc T612 Processor,1 Year Manufacturer Warranty for Phone and 6 Months Warranty for In-Box Accessories,"1,12,606 Ratings & 5,736 Reviews"
"realme 12 5G (Twilight Purple, 128 GB)","₹17,999",8 GB RAM | 128 GB ROM | Expandable Upto 2 TB,17.07 cm (6.72 inch) Full HD+ Display,108MP + 2MP | 8MP Front Camera,5000 mAh Battery,4.3,Dimensity 6100+ Processor,1 Year Manufacturer Warranty for Device and 6 Months Manufacturer Warranty for Inbox Accessories,"2,331 Ratings & 122 Reviews"
"realme C30 (Denim Black, 32 GB)","₹5,999",2 GB RAM | 32 GB ROM | Expandable Upto 1 TB,16.51 cm (6.5 inch) HD+ Display,8MP Rear Camera | 5MP Front Camera,5000 mAh Lithium Ion Battery,4.2,Unisoc T612 Processor,1 Year Manufacturer Warranty for Phone and 6 Months Warranty for In-Box Accessories,"1,12,606 Ratings & 5,736 Reviews"
"realme 5 (Crystal Purple, 64 GB)","₹11,999",4 GB RAM | 64 GB ROM | Expandable Upto 256 GB,16.51 cm (6.5 inch) HD+ Display,12MP + 8MP + 2MP + 2MP Quad Camera | 13MP Front Camera,5000 mAH Battery,4.4,Qualcomm Snapdragon 665 2 GHz Processor,Brand Warranty of 1 Year Available for Mobile and 6 Months for Accessories,"3,34,842 Ratings & 29,716 Reviews"
"realme 9 5G (Supersonic Blue, 64 GB)","₹13,999",4 GB RAM | 64 GB ROM | Expandable Upto 1 TB,16.51 cm (6.5 inch) Full HD+ Display,48MP + 2MP + 2MP | 16MP Front Camera,5000 mAh Lithium Polymer Battery,4.5,Mediatek Dimensity 810 Processor,1 Year Warranty for Phone and 6 Months Warranty for In-Box Accessories,"43,436 Ratings & 2,377 Reviews"
"realme GT Neo 3 (Sprint White, 256 GB)","₹27,990",8 GB RAM | 256 GB ROM,17.02 cm (6.7 inch) Full HD+ Display,50MP + 8MP + 2MP | 16MP Front Camera,5000 mAh Lithium Ion Battery,4.2,Mediatek Dimensity 8100 Processor,1 Year Manufacturer Warranty for Phone and 6 Months Warranty for In-Box Accessories,"1,766 Ratings & 227 Reviews"
"realme Narzo 50i (Mint Green, 32 GB)","₹7,499",2 GB RAM | 32 GB ROM | Expandable Upto 256 GB,16.51 cm (6.5 inch) Display,8MP Rear Camera | 5MP Front Camera,5000 mAh Battery,4.5,SC9863A Processor,1 Year Warranty for Mobile and 6 Months for Accessories,"1,25,650 Ratings & 4,918 Reviews"
"realme C21Y (Cross Blue, 64 GB)","₹8,499",4 GB RAM | 64 GB ROM | Expandable Upto 256 GB,16.51 cm (6.5 inch) HD+ Display,13MP + 2MP + 2MP | 5MP Front Camera,5000 mAh Battery,4.5,Unisoc T610 Processor,1 Year Warranty for Mobile and 6 Months for Accessories,"2,57,201 Ratings & 9,435 Reviews"
"realme C21Y (Cross Black, 64 GB)","₹8,499",4 GB RAM | 64 GB ROM | Expandable Upto 256 GB,16.51 cm (6.5 inch) HD+ Display,13MP + 2MP + 2MP | 5MP Front Camera,5000 mAh Battery,4.5,Unisoc T610 Processor,1 Year Warranty for Mobile and 6 Months for Accessories,"2,57,201 Ratings & 9,435 Reviews"
"realme C35 (Glowing Black, 128 GB)","₹10,999",4 GB RAM | 128 GB ROM | Expandable Upto 1 TB,16.76 cm (6.6 inch) Full HD+ Display,50MP + 2MP + 0.3MP | 8MP Front Camera,5000 mAh Lithium Polymer Battery,4.4,Unisoc Tiger T616 Processor,1 Year Warranty for Phone and 6 Months Warranty for In-Box Accessories,"1,99,025 Ratings & 10,502 Reviews"
"realme C30 (Lake Blue, 32 GB)","₹5,999",2 GB RAM | 32 GB ROM | Expandable Upto 1 TB,16.51 cm (6.5 inch) HD+ Display,8MP Rear Camera | 5MP Front Camera,5000 mAh Lithium Ion Battery,4.2,Unisoc T612 Processor,1 Year Manufacturer Warranty for Phone and 6 Months Warranty for In-Box Accessories,"1,12,606 Ratings & 5,736 Reviews"
"realme C30 (Bamboo Green, 32 GB)","₹6,999",3 GB RAM | 32 GB ROM | Expandable Upto 1 TB,16.51 cm (6.5 inch) HD+ Display,8MP Rear Camera | 5MP Front Camera,5000 mAh Lithium Ion Battery,4.1,Unisoc T612 Processor,1 Year Manufacturer Warranty for Phone and 6 Months Warranty for In-Box Accessories,"73,482 Ratings & 4,189 Reviews"
"realme C30 (Denim Black, 32 GB)","₹6,999",3 GB RAM | 32 GB ROM | Expandable Upto 1 TB,16.51 cm (6.5 inch) HD+ Display,8MP Rear Camera | 5MP Front Camera,5000 mAh Lithium Ion Battery,4.1,Unisoc T612 Processor,1 Year Manufacturer Warranty for Phone and 6 Months Warranty for In-Box Accessories,"73,482 Ratings & 4,189 Reviews"
"realme Narzo 50i (Carbon Black, 32 GB)","₹7,499",2 GB RAM | 32 GB ROM | Expandable Upto 256 GB,16.51 cm (6.5 inch) Display,8MP Rear Camera | 5MP Front Camera,5000 mAh Battery,4.5,SC9863A Processor,1 Year Warranty for Mobile and 6 Months for Accessories,"1,25,650 Ratings & 4,918 Reviews"
"realme 10 (Rush Black, 128 GB)","₹19,999",8 GB RAM | 128 GB ROM | Expandable Upto 1 TB,16.26 cm (6.4 inch) Full HD+ Display,50MP + 2MP | 16MP Front Camera,5000 mAh Battery,4.3,Mediatek Helio G99 Octa Core Processor,1 Year Manufacturer Warranty for Phone and 6 Months Warranty for In-Box Accessories,"12,759 Ratings & 865 Reviews"
"realme GT Neo 3 (Nitro Blue, 128 GB)","₹36,999",8 GB RAM | 128 GB ROM,17.02 cm (6.7 inch) Full HD+ Display,50MP + 8MP + 2MP | 16MP Front Camera,5000 mAh Lithium Ion Battery,4.2,Mediatek Dimensity 8100 Processor,1 Year Manufacturer Warranty for Phone and 6 Months Warranty for In-Box Accessories,"1,766 Ratings & 227 Reviews"
"realme Narzo N55 (Prime Black, 128 GB)","₹10,999",6 GB RAM | 128 GB ROM,17.07 cm (6.72 inch) Display,64MP Rear Camera,5000 mAh Battery,4.3,Not Available,1 Year Domestic Warranty for Phone and 6 Months Warranty for In-Box Accessories,"7,421 Ratings & 389 Reviews"
"realme GT 6T 5G (Fluid Silver, 256 GB)","₹36,999",12 GB RAM | 256 GB ROM,17.22 cm (6.78 inch) Display,50MP Rear Camera,5500 mAh Battery,4.6,Not Available,Not Available,645 Ratings & 67 Reviews
"realme 9 Pro+ 5G (Midnight Black, 128 GB)","₹20,999",8 GB RAM | 128 GB ROM,16.26 cm (6.4 inch) Full HD+ AMOLED Display,50MP + 8MP + 2MP | 16MP Front Camera,4500 mAh Li-ion Battery,4.4,Mediatek Dimensity 920 Processor,1 Year Warranty for Phone and 6 Months Warranty for In-Box Accessories,"35,953 Ratings & 3,809 Reviews"
"realme X3 SuperZoom (Glacier Blue, 256 GB)","₹34,999",12 GB RAM | 256 GB ROM,16.69 cm (6.57 inch) Full HD+ Display,64MP + 8MP + 8MP + 2MP | 32MP + 8MP Dual Front Camera,4200 mAh Battery,4.2,Qualcomm Snapdragon 855+ Processor,Brand Warranty of 1 Year Available for Mobile and 6 Months for Accessories,"3,187 Ratings & 346 Reviews"
"realme 5i (Forest Green, 64 GB)","₹10,999",4 GB RAM | 64 GB ROM,16.56 cm (6.52 inch) HD+ Display,12MP + 8MP + 2MP + 2MP | 8MP Front Camera,5000 mAh Battery,4.5,Qualcomm Snapdragon 665 2 GHz Processor,Brand Warranty of 1 Year Available for Mobile and 6 Months for Accessories,"4,12,863 Ratings & 27,177 Reviews"
"realme 8i (Space Purple, 64 GB)","₹11,499",4 GB RAM | 64 GB ROM | Expandable Upto 256 GB,16.76 cm (6.6 inch) Full HD+ Display,50MP + 2MP + 2MP | 16MP Front Camera,5000 mAh Battery,4.5,MediaTek Helio G96 Processor,1 Year Warranty for Mobile and 6 Months for Accessories,"1,75,866 Ratings & 10,852 Reviews"
"realme 9i 5G (Rocking Black, 64 GB)","₹14,999",4 GB RAM | 64 GB ROM | Expandable Upto 1 TB,16.76 cm (6.6 inch) Full HD+ Display,50MP + 2MP + 2MP | 8MP Front Camera,5000 mAh Lithium Ion Battery,4.4,Mediatek Dimensity 810 5G Processor,1 Year Manufacturer Warranty for Phone and 6 Months Warranty for In-Box Accessories,"56,580 Ratings & 2,723 Reviews"
"realme 8i (Space Black, 64 GB)","₹11,499",4 GB RAM | 64 GB ROM | Expandable Upto 256 GB,16.76 cm (6.6 inch) Full HD+ Display,50MP + 2MP + 2MP | 16MP Front Camera,5000 mAh Battery,4.5,MediaTek Helio G96 Processor,1 Year Warranty for Mobile and 6 Months for Accessories,"1,75,866 Ratings & 10,852 Reviews"
"realme 11 5G (Glory Black, 256 GB)","₹19,490",8 GB RAM | 256 GB ROM | Expandable Upto 2 TB,17.07 cm (6.72 inch) Full HD+ Display,108MP + 2MP | 16MP Front Camera,5000 mAh Battery,4.3,Dimensity 6100+ Processor,1 Year Manufacturer Warranty for Phone and 6 Months Warranty for In the Box Accessories,"72,660 Ratings & 5,467 Reviews"
"realme 10 Pro+ 5G (Nebula Blue, 128 GB)","₹20,490",6 GB RAM | 128 GB ROM,17.02 cm (6.7 inch) Full HD+ Display,108MP + 8MP + 2MP | 16MP Front Camera,5000 mAh Battery,4.4,Mediatek Dimensity 1080 5G Processor,1 Year Manufacturer Warranty for Phone and 6 Months Warranty for In-Box Accessories,"35,242 Ratings & 2,931 Reviews"
"realme 9 Pro+ 5G (Sunrise Blue, 128 GB)","₹20,999",8 GB RAM | 128 GB ROM,16.26 cm (6.4 inch) Full HD+ AMOLED Display,50MP + 8MP + 2MP | 16MP Front Camera,4500 mAh Li-ion Battery,4.4,Mediatek Dimensity 920 Processor,1 Year Warranty for Phone and 6 Months Warranty for In-Box Accessories,"35,953 Ratings & 3,809 Reviews"
"realme C25s (Watery Grey, 128 GB)","₹9,999",4 GB RAM | 128 GB ROM | Expandable Upto 256 GB,16.51 cm (6.5 inch) HD+ Display,13MP + 2MP + 2MP | 8MP Front Camera,6000 mAh Battery,4.4,MediaTek Helio G85 Processor,1 Year Warranty for Mobile and 6 Months for Accessories,"53,534 Ratings & 3,009 Reviews"
"realme 8 Pro (Infinite Black, 128 GB)","₹19,999",8 GB RAM | 128 GB ROM | Expandable Upto 256 GB,16.26 cm (6.4 inch) Full HD+ Display,108MP + 8MP + 2MP + 2MP | 16MP Front Camera,4500 mAh Battery,4.4,Qualcomm Snapdragon 720G Processor,1 Year Warranty for Mobile and 6 Months for Accessories,"40,815 Ratings & 3,347 Reviews"
"realme C15 Qualcomm Edition (Power Blue, 32 GB)","₹11,999",3 GB RAM | 32 GB ROM | Expandable Upto 256 GB,16.56 cm (6.52 inch) HD+ Display,13MP + 8MP + 2MP + 2MP | 8MP Front Camera,6000 mAh Lithium-ion Battery,4.3,Qualcomm Snapdragon 460 Processor,Brand Warranty of 1 Year Available for Mobile and 6 Months for Accessories,"4,832 Ratings & 304 Reviews"
"realme 5i (Aqua Blue, 128 GB)","₹11,999",4 GB RAM | 128 GB ROM,16.56 cm (6.52 inch) HD+ Display,12MP + 8MP + 2MP + 2MP | 8MP Front Camera,5000 mAh Battery,4.5,Qualcomm Snapdragon 665 (2 GHz) Processor,Brand Warranty of 1 Year Available for Mobile and 6 Months for Accessories,"4,12,863 Ratings & 27,177 Reviews"
"realme GT 6T 5G (Fluid Silver, 512 GB)","₹44,990",12 GB RAM | 512 GB ROM,17.22 cm (6.78 inch) Display,50MP Rear Camera,5500 mAh Battery,4.6,Not Available,Not Available,645 Ratings & 67 Reviews
"realme GT Master Edition (Luna White, 128 GB)","₹23,999",8 GB RAM | 128 GB ROM,16.33 cm (6.43 inch) Full HD+ Display,64MP + 8MP + 2MP | 32MP Front Camera,4300 mAh Battery,4.4,Qualcomm Snapdragon 778G Processor,1 Year Warranty for Mobile and 6 Months for Accessories,"63,789 Ratings & 6,667 Reviews"
"realme C11 2021 (Cool Grey, 32 GB)","₹7,499",2 GB RAM | 32 GB ROM | Expandable Upto 256 GB,16.51 cm (6.5 inch) HD+ Display,8MP Rear Camera | 5MP Front Camera,5000 mAh Battery,4.4,Octa-core Processor,1 Year Warranty for Mobile and 6 Months for Accessories,"2,38,746 Ratings & 10,128 Reviews"
"realme C25Y (Glacier Blue, 64 GB)","₹8,290",4 GB RAM | 64 GB ROM | Expandable Upto 256 GB,16.51 cm (6.5 inch) HD+ Display,50MP + 2MP + 2MP | 8MP Front Camera,5000 mAh Battery,4.4,Unisoc T610 Octa Core Processor,1 Year Warranty for Mobile and 6 Months for Accessories,"1,39,811 Ratings & 5,845 Reviews"
"realme 9 Pro+ 5G (Midnight Black, 256 GB)","₹22,999",8 GB RAM | 256 GB ROM,16.26 cm (6.4 inch) Full HD+ AMOLED Display,50MP + 8MP + 2MP | 16MP Front Camera,4500 mAh Li-ion Battery,4.4,Mediatek Dimensity 920 Processor,1 Year Warranty for Phone and 6 Months Warranty for In-Box Accessories,"35,953 Ratings & 3,809 Reviews"
"realme 9 Pro+ 5G (Aurora Green, 256 GB)","₹22,999",8 GB RAM | 256 GB ROM,16.26 cm (6.4 inch) Full HD+ AMOLED Display,50MP + 8MP + 2MP | 16MP Front Camera,4500 mAh Li-ion Battery,4.4,Mediatek Dimensity 920 Processor,1 Year Warranty for Phone and 6 Months Warranty for In-Box Accessories,"35,953 Ratings & 3,809 Reviews"
"realme 8s 5G (Universe Purple, 128 GB)","₹17,999",6 GB RAM | 128 GB ROM | Expandable Upto 1 TB,16.51 cm (6.5 inch) Full HD+ Display,64MP + 2MP + 2MP | 16MP Front Camera,5000 mAh Battery,4.4,MediaTek Dimensity 810 5G Processor,1 Year Warranty for Mobile and 6 Months for Accessories,"78,241 Ratings & 6,172 Reviews"
"realme 8i (Space Black, 128 GB)","₹10,999",6 GB RAM | 128 GB ROM | Expandable Upto 256 GB,16.76 cm (6.6 inch) Full HD+ Display,50MP + 2MP + 2MP | 16MP Front Camera,5000 mAh Battery,4.4,MediaTek Helio G96 Processor,1 Year Warranty for Mobile and 6 Months for Accessories,"70,874 Ratings & 4,842 Reviews"
"realme 8s 5G (Universe Blue, 128 GB)","₹19,999",8 GB RAM | 128 GB ROM | Expandable Upto 1 TB,16.51 cm (6.5 inch) Full HD+ Display,64MP + 2MP + 2MP | 16MP Front Camera,5000 mAh Battery,4.4,MediaTek Dimensity 810 5G Processor,1 Year Warranty for Mobile and 6 Months for Accessories,"54,759 Ratings & 4,778 Reviews"
"realme 9 (Meteor Black, 128 GB)","₹22,999",8 GB RAM | 128 GB ROM | Expandable Upto 256 GB,16.26 cm (6.4 inch) Full HD+ AMOLED Display,108MP + 8MP + 2MP | 16MP Front Camera,5000 mAh Lithium Ion Battery,4.4,Qualcomm Snapdragon 680 Processor,1 Year Manufacturer Warranty for Phone and 6 Months Warranty for In-Box Accessories,"28,387 Ratings & 2,025 Reviews"
"realme 8 5G (Supersonic Black, 64 GB)","₹15,499",4 GB RAM | 64 GB ROM | Expandable Upto 1 TB,16.51 cm (6.5 inch) Full HD+ Display,48MP + 2MP + 2MP | 16MP Front Camera,5000 mAh Battery,4.3,MediaTek Dimensity 700 (MT6833) Processor,1 Year Warranty for Mobile and 6 Months for Accessories,"78,532 Ratings & 6,066 Reviews"
"realme 9 (Meteor Black, 128 GB)","₹20,999",6 GB RAM | 128 GB ROM | Expandable Upto 256 GB,16.26 cm (6.4 inch) Full HD+ AMOLED Display,108MP + 8MP + 2MP | 16MP Front Camera,5000 mAh Lithium Ion Battery,4.4,Qualcomm Snapdragon 680 Processor,1 Year Manufacturer Warranty for Phone and 6 Months Warranty for In-Box Accessories,"67,965 Ratings & 4,684 Reviews"
"realme 10 Pro+ 5G (Hyperspace, 128 GB)","₹23,390",8 GB RAM | 128 GB ROM,17.02 cm (6.7 inch) Full HD+ Display,108MP + 8MP + 2MP | 16MP Front Camera,5000 mAh Battery,4.4,Mediatek Dimensity 1080 5G Processor,1 Year Manufacturer Warranty for Phone and 6 Months Warranty for In-Box Accessories,"26,469 Ratings & 2,116 Reviews"
"realme 9 (Sunburst Gold, 128 GB)","₹22,999",8 GB RAM | 128 GB ROM | Expandable Upto 256 GB,16.26 cm (6.4 inch) Full HD+ AMOLED Display,108MP + 8MP + 2MP | 16MP Front Camera,5000 mAh Lithium Ion Battery,4.4,Qualcomm Snapdragon 680 Processor,1 Year Manufacturer Warranty for Phone and 6 Months Warranty for In-Box Accessories,"28,387 Ratings & 2,025 Reviews"
"realme NARZO 70 5G (FOREST GREEN, 128 GB)","₹14,249",8 GB RAM | 128 GB ROM,16.94 cm (6.67 inch) Full HD+ AMOLED Display,50MP Rear Camera | 16MP Front Camera,5000 mAh Battery,4.3,Not Available,1 Year Domestic Warranty for Phone and 6 Months Warranty for In-Box Accessories,"1,672 Ratings & 87 Reviews"
"realme Narzo N63 4G (Twilight Purple, 64 GB)","₹8,990",4 GB RAM | 64 GB ROM,17.12 cm (6.74 inch) Display,50MP Rear Camera,5000 mAh Battery,4.1,Not Available,Domestic Warranty  1 year for handset and 6 months for accessories.,"2,592 Ratings & 73 Reviews"
"realme Narzo 70 Pro 5G (Glass Green, 256 GB)","₹21,490",8 GB RAM | 256 GB ROM,16.94 cm (6.67 inch) Display,50MP Rear Camera,5000 mAh Battery,4.4,Not Available,1 Year Domestic Warranty for Phone and 6 Months Warranty for In-Box Accessories,"5,111 Ratings & 334 Reviews"
"realme 9i (Prism Blue, 64 GB)","₹10,960",4 GB RAM | 64 GB ROM | Expandable Upto 1 TB,16.76 cm (6.6 inch) Full HD+ Display,50MP + 2MP + 2MP | 16MP Front Camera,5000 mAh Lithium ion Battery,4.5,Qualcomm Snapdragon 680 (SM6225) Processor,1 Year Manufacturer Warranty for Phone and 6 Months Warranty for in the Box Accessories,"1,34,733 Ratings & 7,689 Reviews"
"realme Narzo N55 (Prime Blue, 64 GB)","₹12,390",4 GB RAM | 64 GB ROM,17.07 cm (6.72 inch) Display,64MP Rear Camera,5000 mAh Battery,4.3,Not Available,1 Year Domestic Warranty for Phone and 6 Months Warranty for In-Box Accessories,"2,915 Ratings & 159 Reviews"
"realme Narzo N53 (Feather Black, 128 GB)","₹23,390",6 GB RAM | 128 GB ROM,17.12 cm (6.74 inch) Display,50MP Rear Camera,5000 mAh Battery,4.2,Not Available,Not Available,"5,145 Ratings & 249 Reviews"
"realme 10 Pro+ 5G (Hyperspace, 128 GB)","₹22,999",8 GB RAM | 128 GB ROM,17.02 cm (6.7 inch) Full HD+ Display,108MP + 8MP + 2MP | 16MP Front Camera,5000 mAh Battery,4.4,Mediatek Dimensity 1080 5G Processor,1 Year Manufacturer Warranty for Phone and 6 Months Warranty for In-Box Accessories,"26,469 Ratings & 2,116 Reviews"
"realme 9 (Sunburst Gold, 128 GB)","₹15,499",8 GB RAM | 128 GB ROM | Expandable Upto 256 GB,16.26 cm (6.4 inch) Full HD+ AMOLED Display,108MP + 8MP + 2MP | 16MP Front Camera,5000 mAh Lithium Ion Battery,4.4,Qualcomm Snapdragon 680 Processor,1 Year Manufacturer Warranty for Phone and 6 Months Warranty for In-Box Accessories,"28,387 Ratings & 2,025 Reviews"
"realme 8 5G (Supersonic Black, 64 GB)","₹11,989",4 GB RAM | 64 GB ROM | Expandable Upto 1 TB,16.51 cm (6.5 inch) Full HD+ Display,48MP + 2MP + 2MP | 16MP Front Camera,5000 mAh Battery,4.3,MediaTek Dimensity 700 (MT6833) Processor,1 Year Warranty for Mobile and 6 Months for Accessories,"78,532 Ratings & 6,066 Reviews"
"realme Narzo 20 (Victory Blue, 64 GB)","₹8,999",4 GB RAM | 64 GB ROM | Expandable Upto 256 GB,16.56 cm (6.52 inch) HD+ Display,48MP + 8MP + 2MP | 8MP Front Camera,6000 mAh Lithium-ion Battery,4.3,MediaTek Helio G85 Processor,Brand Warranty of 1 Year Available for Mobile and 6 Months for Accessories,"5,26,915 Ratings & 38,878 Reviews"
"realme C11 2021 (Cool Blue, 64 GB)","₹8,999",4 GB RAM | 64 GB ROM | Expandable Upto 256 GB,16.51 cm (6.5 inch) HD+ Display,8MP Rear Camera | 5MP Front Camera,5000 mAh Battery,4.3,Octa-core Processor,1 Year Warranty for Mobile and 6 Months for Accessories,"2,13,179 Ratings & 11,229 Reviews"
"realme C25s (Watery Blue, 64 GB)","₹11,999",4 GB RAM | 64 GB ROM | Expandable Upto 256 GB,16.51 cm (6.5 inch) HD+ Display,13MP + 2MP + 2MP | 8MP Front Camera,6000 mAh Battery,4.4,MediaTek Helio G85 Processor,1 Year Warranty for Mobile and 6 Months for Accessories,"53,534 Ratings & 3,009 Reviews"
"realme 9 5G (Meteor Black, 64 GB)","₹10,499",4 GB RAM | 64 GB ROM | Expandable Upto 1 TB,16.51 cm (6.5 inch) Full HD+ Display,48MP + 2MP + 2MP | 16MP Front Camera,5000 mAh Lithium Polymer Battery,4.5,Mediatek Dimensity 810 Processor,1 Year Warranty for Phone and 6 Months Warranty for In-Box Accessories,"43,436 Ratings & 2,377 Reviews"
"realme C55 (Rainy Night, 64 GB)","₹9,999",6 GB RAM | 64 GB ROM | Expandable Upto 1 TB,17.07 cm (6.72 inch) Full HD+ Display,64MP + 2MP | 8MP Front Camera,5000 mAh Battery,4.3,Helio G88 Processor,1 Year Manufacturer Warranty for Phone and 6 Months Warranty for In the Box Accessories,"19,734 Ratings & 1,214 Reviews"
"realme C33 2023 (Night Sea, 64 GB)","₹9,999",4 GB RAM | 64 GB ROM | Expandable Upto 1 TB,16.51 cm (6.5 inch) HD+ Display,50MP + 0.3MP | 5MP Front Camera,5000 mAh Lithium Ion Battery,4.4,Unisoc T612 Processor,1 Year Manufacturer Warranty for Phone and 6 Months Warranty for In-Box Accessories,"24,493 Ratings & 881 Reviews"
"realme C33 2023 (Aqua Blue, 64 GB)","₹13,999",4 GB RAM | 64 GB ROM | Expandable Upto 1 TB,16.51 cm (6.5 inch) HD+ Display,50MP + 0.3MP | 5MP Front Camera,5000 mAh Lithium Ion Battery,4.4,Unisoc T612 Processor,1 Year Manufacturer Warranty for Phone and 6 Months Warranty for In-Box Accessories,"24,493 Ratings & 881 Reviews"
"realme Narzo 20 (Victory Blue, 128 GB)","₹22,999",4 GB RAM | 128 GB ROM | Expandable Upto 256 GB,16.56 cm (6.52 inch) HD+ Display,48MP + 8MP + 2MP | 8MP Front Camera,6000 mAh Lithium-ion Battery,4.3,MediaTek Helio G85 Processor,Brand Warranty of 1 Year Available for Mobile and 6 Months for Accessories,"5,26,915 Ratings & 38,878 Reviews"
"realme 9 (Stargaze White, 128 GB)","₹12,990",8 GB RAM | 128 GB ROM | Expandable Upto 256 GB,16.26 cm (6.4 inch) Full HD+ AMOLED Display,108MP + 8MP + 2MP | 16MP Front Camera,5000 mAh Lithium Ion Battery,4.4,Qualcomm Snapdragon 680 Processor,1 Year Manufacturer Warranty for Phone and 6 Months Warranty for In-Box Accessories,"28,387 Ratings & 2,025 Reviews"
"realme C55 (Rainforest, 128 GB)","₹16,999",8 GB RAM | 128 GB ROM | Expandable Upto 1 TB,17.07 cm (6.72 inch) Full HD+ Display,64MP + 2MP | 8MP Front Camera,5000 mAh Battery,4.4,Helio G88 Processor,1 Year Manufacturer Warranty for Phone and 6 Months Warranty for In the Box Accessories,"32,847 Ratings & 1,792 Reviews"
"realme 9i 5G (Metallica Gold, 128 GB)","₹6,999",6 GB RAM | 128 GB ROM | Expandable Upto 1 TB,16.76 cm (6.6 inch) Full HD+ Display,50MP + 2MP + 2MP | 8MP Front Camera,5000 mAh Lithium Ion Battery,4.3,Mediatek Dimensity 810 5G Processor,1 Year Manufacturer Warranty for Phone and 6 Months Warranty for In-Box Accessories,"11,397 Ratings & 731 Reviews"
"realme C30s (Stripe Blue, 32 GB)","₹12,999",2 GB RAM | 32 GB ROM | Expandable Upto 1 TB,16.51 cm (6.5 inch) HD+ Display,8MP Rear Camera | 5MP Front Camera,5000 mAh Lithium Ion Battery,4.4,Unisoc SC9863A/ Unisoc SC9863A1 Processor,1 Year Manufacturer Warranty for Phone and 6 Months Warranty for In-Box Accessories,"7,117 Ratings & 245 Reviews"
"realme Narzo 30 (Racing Blue, 128 GB)","₹7,190",6 GB RAM | 128 GB ROM | Expandable Upto 256 GB,16.51 cm (6.5 inch) Full HD+ Display,48MP + 2MP + 2MP | 16MP Front Camera,5000 mAh Battery,4.3,MediaTek Helio G95 Processor,1 Year Warranty for Mobile and 6 Months for Accessories,"78,980 Ratings & 6,064 Reviews"
"realme Narzo 60X 5G (Nebula Purple, 128 GB)","₹12,999",4 GB RAM | 128 GB ROM,17.07 cm (6.72 inch) Display,50MP Rear Camera | 2.07MP Front Camera,5000 mAh Battery,4.3,Not Available,Domestic Warranty 1 Year For Handset and 6 Months For Accessories.,"6,275 Ratings & 317 Reviews"
"realme C30 (Lake Blue, 32 GB)","₹39,999",3 GB RAM | 32 GB ROM | Expandable Upto 1 TB,16.51 cm (6.5 inch) HD+ Display,8MP Rear Camera | 5MP Front Camera,5000 mAh Lithium Ion Battery,4.1,Unisoc T612 Processor,1 Year Manufacturer Warranty for Phone and 6 Months Warranty for In-Box Accessories,"73,482 Ratings & 4,189 Reviews"
"realme Narzo 30 (Racing Silver, 128 GB)","₹13,999",6 GB RAM | 128 GB ROM | Expandable Upto 256 GB,16.51 cm (6.5 inch) Full HD+ Display,48MP + 2MP + 2MP | 16MP Front Camera,5000 mAh Battery,4.3,MediaTek Helio G95 Processor,1 Year Warranty for Mobile and 6 Months for Accessories,"78,980 Ratings & 6,064 Reviews"
"realme GT 2 Pro (Paper Green, 256 GB)","₹9,490",12 GB RAM | 256 GB ROM,17.02 cm (6.7 inch) Quad HD Display,50MP + 50MP + 2MP | 32MP Front Camera,5000 mAh Lithium Ion Battery,4.3,Qualcomm Snapdragon 8 Gen 1 Mobile Platform Processor,1 Year Manufacturer Warranty for Phone and 6 Months Warranty for In-Box Accessories,"2,158 Ratings & 315 Reviews"
"realme Narzo 20 (Glory Silver, 128 GB)","₹12,990",4 GB RAM | 128 GB ROM | Expandable Upto 256 GB,16.56 cm (6.52 inch) HD+ Display,48MP + 8MP + 2MP | 8MP Front Camera,6000 mAh Lithium-ion Battery,4.3,MediaTek Helio G85 Processor,Brand Warranty of 1 Year Available for Mobile and 6 Months for Accessories,"5,26,915 Ratings & 38,878 Reviews"
"realme 5 (Crystal Blue, 32 GB)","₹12,990",3 GB RAM | 32 GB ROM | Expandable Upto 256 GB,16.51 cm (6.5 inch) HD+ Display,12MP + 8MP + 2MP + 2MP Quad Camera | 13MP Front Camera,5000 mAH Battery,4.5,Qualcomm Snapdragon 665 2 GHz Processor,Brand Warranty of 1 Year Available for Mobile and 6 Months for Accessories,"2,69,440 Ratings & 21,395 Reviews"
"realme C55 (Sunshower, 128 GB)","₹34,999",8 GB RAM | 128 GB ROM | Expandable Upto 1 TB,17.07 cm (6.72 inch) Full HD+ Display,64MP + 2MP | 8MP Front Camera,5000 mAh Battery,4.4,Helio G88 Processor,1 Year Manufacturer Warranty for Phone and 6 Months Warranty for In the Box Accessories,"32,847 Ratings & 1,792 Reviews"
"realme C55 (Rainy Night, 128 GB)","₹8,999",8 GB RAM | 128 GB ROM | Expandable Upto 1 TB,17.07 cm (6.72 inch) Full HD+ Display,64MP + 2MP | 8MP Front Camera,5000 mAh Battery,4.4,Helio G88 Processor,1 Year Manufacturer Warranty for Phone and 6 Months Warranty for In the Box Accessories,"32,847 Ratings & 1,792 Reviews"
"realme GT 2 Pro (Steel Black, 256 GB)","₹26,499",12 GB RAM | 256 GB ROM,17.02 cm (6.7 inch) Quad HD Display,50MP + 50MP + 2MP | 32MP Front Camera,5000 mAh Lithium Ion Battery,4.3,Qualcomm Snapdragon 8 Gen 1 Mobile Platform Processor,1 Year Manufacturer Warranty for Phone and 6 Months Warranty for In-Box Accessories,"2,158 Ratings & 315 Reviews"
"realme C3 (Volcano Grey, 32 GB)","₹20,999",3 GB RAM | 32 GB ROM | Expandable Upto 256 GB,16.56 cm (6.52 inch) HD+ Display,12MP + 2MP | 5MP Front Camera,5000 mAh Battery,4.4,Helio G70 Processor,Brand Warranty of 1 Year Available for Mobile and 6 Months for Accessories,"1,47,178 Ratings & 10,699 Reviews"
"realme GT 2 Pro (Steel Black, 128 GB)","₹8,080",8 GB RAM | 128 GB ROM,17.02 cm (6.7 inch) Quad HD Display,50MP + 50MP + 2MP | 32MP Front Camera,5000 mAh Lithium Ion Battery,4.2,Qualcomm Snapdragon 8 Gen 1 Mobile Platform Processor,1 Year Manufacturer Warranty for Phone and 6 Months Warranty for In-Box Accessories,"5,501 Ratings & 753 Reviews"
"realme X (Space Blue, 128 GB)","₹26,499",8 GB RAM | 128 GB ROM,16.59 cm (6.53 inch) Full HD+ Display,48MP + 5MP | 16MP Front Camera,3765 mAh Battery,4.5,Qualcomm Snapdragon 710 Octa Core 2.2 GHz AIE Processor,Brand Warranty of 1 Year Available for Mobile and 6 Months for Accessories,"43,629 Ratings & 5,178 Reviews"
"realme C25Y (Metal Grey, 64 GB)","₹30,990",4 GB RAM | 64 GB ROM | Expandable Upto 256 GB,16.51 cm (6.5 inch) HD+ Display,50MP + 2MP + 2MP | 8MP Front Camera,5000 mAh Battery,4.4,Unisoc T610 Octa Core Processor,1 Year Warranty for Mobile and 6 Months for Accessories,"1,39,811 Ratings & 5,845 Reviews"
"realme Narzo 60 pro 5G (Cosmic Black, 256 GB)","₹28,990",12 GB RAM | 256 GB ROM,17.02 cm (6.7 inch) Display,100MP Rear Camera,5000 mAh Battery,4.3,Not Available,Not Available,560 Ratings & 41 Reviews
"realme GT 2 Pro (Paper Green, 128 GB)","₹9,990",8 GB RAM | 128 GB ROM,17.02 cm (6.7 inch) Quad HD Display,50MP + 50MP + 2MP | 32MP Front Camera,5000 mAh Lithium Ion Battery,4.2,Qualcomm Snapdragon 8 Gen 1 Mobile Platform Processor,1 Year Manufacturer Warranty for Phone and 6 Months Warranty for In-Box Accessories,"5,501 Ratings & 753 Reviews"
"realme GT 2 (Paper White, 128 GB)","₹17,990",8 GB RAM | 128 GB ROM,16.81 cm (6.62 inch) Full HD+ AMOLED Display,50MP + 8MP + 2MP | 16MP Front Camera,5000 mAh Lithium Ion Battery,4.3,Qualcomm Snapdragon 888 Processor,1 Year Manufacturer Warranty for Phone and 6 Months Warranty for In-Box Accessories,"21,589 Ratings & 2,319 Reviews"
"realme C25Y (Glacier Blue, 128 GB)","₹31,442",4 GB RAM | 128 GB ROM | Expandable Upto 256 GB,16.51 cm (6.5 inch) HD+ Display,50MP + 2MP + 2MP | 8MP Front Camera,5000 mAh Battery,4.4,Unisoc T610 Octa Core Processor,1 Year Warranty for Mobile and 6 Months for Accessories,"1,39,811 Ratings & 5,845 Reviews"
"realme 9 5G (Supersonic Black, 128 GB)","₹10,999",6 GB RAM | 128 GB ROM | Expandable Upto 1 TB,16.51 cm (6.5 inch) Full HD+ Display,48MP + 2MP + 2MP | 16MP Front Camera,5000 mAh Lithium Polymer Battery,4.4,Mediatek Dimensity 810 Processor,1 Year Warranty for Phone and 6 Months Warranty for In-Box Accessories,"53,058 Ratings & 3,237 Reviews"
"realme GT 2 Pro (Paper White, 256 GB)","₹26,966",12 GB RAM | 256 GB ROM,17.02 cm (6.7 inch) Quad HD Display,50MP + 50MP + 2MP | 32MP Front Camera,5000 mAh Lithium Ion Battery,4.3,Qualcomm Snapdragon 8 Gen 1 Mobile Platform Processor,1 Year Manufacturer Warranty for Phone and 6 Months Warranty for In-Box Accessories,"2,158 Ratings & 315 Reviews"
"realme 5i (Aqua Blue, 64 GB)","₹17,990",4 GB RAM | 64 GB ROM,16.56 cm (6.52 inch) HD+ Display,12MP + 8MP + 2MP + 2MP | 8MP Front Camera,5000 mAh Battery,4.5,Qualcomm Snapdragon 665 2 GHz Processor,Brand Warranty of 1 Year Available for Mobile and 6 Months for Accessories,"4,12,863 Ratings & 27,177 Reviews"
"realme GT Neo 3 (Asphalt Black, 128 GB)","₹11,999",8 GB RAM | 128 GB ROM,17.02 cm (6.7 inch) Full HD+ Display,50MP + 8MP + 2MP | 16MP Front Camera,5000 mAh Lithium Ion Battery,4.2,Mediatek Dimensity 8100 Processor,1 Year Manufacturer Warranty for Phone and 6 Months Warranty for In-Box Accessories,"1,766 Ratings & 227 Reviews"
"realme 9 5G (Stargaze White, 128 GB)","₹29,990",6 GB RAM | 128 GB ROM | Expandable Upto 1 TB,16.51 cm (6.5 inch) Full HD+ Display,48MP + 2MP + 2MP | 16MP Front Camera,5000 mAh Lithium Polymer Battery,4.4,Mediatek Dimensity 810 Processor,1 Year Warranty for Phone and 6 Months Warranty for In-Box Accessories,"53,058 Ratings & 3,237 Reviews"
"realme C15 (Power Blue, 32 GB)","₹10,990",3 GB RAM | 32 GB ROM | Expandable Upto 256 GB,16.56 cm (6.52 inch) HD+ Display,13MP + 8MP + 2MP + 2MP | 8MP Front Camera,6000 mAh Lithium-ion Battery,4.3,Mediatek Helio G35 Processor,Brand Warranty of 1 Year Available for Mobile and 6 Months for Accessories,"56,629 Ratings & 3,793 Reviews"
"realme GT Neo 3 (Asphalt Black, 256 GB)","₹13,490",8 GB RAM | 256 GB ROM,17.02 cm (6.7 inch) Full HD+ Display,50MP + 8MP + 2MP | 16MP Front Camera,5000 mAh Lithium Ion Battery,4.2,Mediatek Dimensity 8100 Processor,1 Year Manufacturer Warranty for Phone and 6 Months Warranty for In-Box Accessories,"1,766 Ratings & 227 Reviews"
"realme 6 (Comet White, 64 GB)","₹14,999",4 GB RAM | 64 GB ROM | Expandable Upto 256 GB,16.51 cm (6.5 inch) Full HD+ Display,64MP + 8MP + 2MP + 2MP | 16MP Front Camera,4300 mAh Battery,4.4,MediaTek Helio G90T Processor,Brand Warranty of 1 Year Available for Mobile Including Battery and 6 Months for Accessories,"86,731 Ratings & 8,886 Reviews"
"realme 8 5G (Supersonic Blue, 64 GB)","₹28,990",4 GB RAM | 64 GB ROM | Expandable Upto 1 TB,16.51 cm (6.5 inch) Full HD+ Display,48MP + 2MP + 2MP | 16MP Front Camera,5000 mAh Battery,4.3,MediaTek Dimensity 700 (MT6833) Processor,1 Year Warranty for Mobile and 6 Months for Accessories,"78,532 Ratings & 6,066 Reviews"
"realme 6i (Lunar White, 64 GB)","₹28,490",4 GB RAM | 64 GB ROM | Expandable Upto 256 GB,16.51 cm (6.5 inch) Full HD+ Display,48MP + 8MP + 2MP + 2MP | 16MP Front Camera,4300 mAh Battery,4.4,MediaTek Helio G90T Processor,Brand Warranty of 1 Year Available for Mobile and 6 Months for Accessories,"60,906 Ratings & 6,253 Reviews"
"realme GT NEO 2 (NEO Blue, 128 GB)","₹15,999",8 GB RAM | 128 GB ROM,16.81 cm (6.62 inch) Full HD+ Display,64MP + 8MP + 2MP | 16MP Front Camera,5000 mAh Battery,4.4,Qualcomm Snapdragon 870 Processor,1 Year Warranty for Mobile and 6 Months for Accessories,"18,458 Ratings & 2,460 Reviews"
"realme GT NEO 2 (NEO Black, 128 GB)","₹14,490",8 GB RAM | 128 GB ROM,16.81 cm (6.62 inch) Full HD+ Display,64MP + 8MP + 2MP | 16MP Front Camera,5000 mAh Battery,4.4,Qualcomm Snapdragon 870 Processor,1 Year Warranty for Mobile and 6 Months for Accessories,"18,458 Ratings & 2,460 Reviews"
"realme Narzo N55 (Prime Blue, 128 GB)","₹17,490",6 GB RAM | 128 GB ROM,17.07 cm (6.72 inch) Display,64MP Rear Camera,5000 mAh Battery,4.3,Not Available,1 Year Domestic Warranty for Phone and 6 Months Warranty for In-Box Accessories,"7,421 Ratings & 389 Reviews"
"realme 6i (Eclipse Black, 64 GB)","₹13,499",6 GB RAM | 64 GB ROM | Expandable Upto 256 GB,16.51 cm (6.5 inch) Full HD+ Display,48MP + 8MP + 2MP + 2MP | 16MP Front Camera,4300 mAh Battery,4.4,MediaTek Helio G90T Processor,Brand Warranty of 1 Year Available for Mobile and 6 Months for Accessories,"88,338 Ratings & 7,673 Reviews"
"realme 2 Pro (Black Sea, 128 GB)","₹13,499",8 GB RAM | 128 GB ROM | Expandable Upto 256 GB,16.0 cm (6.3 inch) Full HD+ Display,16MP + 2MP | 16MP Front Camera,3500 mAh Li-ion Battery,4.5,Qualcomm Snapdragon 660 Octa Core 1.95GHz AIE Processor,Brand Warranty of 1 Year Available for Mobile and 6 Months for Accessories,"38,013 Ratings & 4,683 Reviews"
"realme Narzo N53 (Feather Black, 128 GB)","₹14,999",8 GB RAM | 128 GB ROM,17.12 cm (6.74 inch) Display,50MP Rear Camera,5000 mAh Battery,4.2,Not Available,Not Available,"2,086 Ratings & 100 Reviews"
"realme 9i 5G (Rocking Black, 128 GB)","₹9,999",6 GB RAM | 128 GB ROM | Expandable Upto 1 TB,16.76 cm (6.6 inch) Full HD+ Display,50MP + 2MP + 2MP | 8MP Front Camera,5000 mAh Lithium Ion Battery,4.3,Mediatek Dimensity 810 5G Processor,1 Year Manufacturer Warranty for Phone and 6 Months Warranty for In-Box Accessories,"11,397 Ratings & 731 Reviews"
"realme Narzo 50A Prime (Flash Black, 64 GB)","₹16,990",4 GB RAM | 64 GB ROM | Expandable Upto 512 GB,16.76 cm (6.6 inch) Full HD+ Display,50MP Rear Camera | 8MP Front Camera,5000 mAh Battery,4.1,Not Available,1 Year Manufacturer Warranty for Phone and 6 Months Warranty for In-Box Accessories,"1,787 Ratings & 81 Reviews"
"realme Narzo N53 (Feather Gold, 128 GB)","₹23,990",8 GB RAM | 128 GB ROM,17.12 cm (6.74 inch) HD+ Display,50MP Rear Camera,5000 mAh Battery,4.2,"Android 13, Realme UI T Processor",Not Available,"2,086 Ratings & 100 Reviews"
"realme NARZO 50A PRIME (FLASH BLUE, 64 GB)","₹24,490",4 GB RAM | 64 GB ROM,16.76 cm (6.6 inch) Display,50MP Rear Camera | 8MP Front Camera,5000 mAh Battery,4.1,Not Available,Not Available,"1,787 Ratings & 81 Reviews"
"realme 9i 5G (Metallica Gold, 64 GB)","₹10,999",4 GB RAM | 64 GB ROM | Expandable Upto 1 TB,16.76 cm (6.6 inch) Full HD+ Display,50MP + 2MP + 2MP | 8MP Front Camera,5000 mAh Lithium Ion Battery,4.4,Mediatek Dimensity 810 5G Processor,1 Year Manufacturer Warranty for Phone and 6 Months Warranty for In-Box Accessories,"56,580 Ratings & 2,723 Reviews"
"realme C25s (Watery Grey, 64 GB)","₹23,990",4 GB RAM | 64 GB ROM | Expandable Upto 256 GB,16.51 cm (6.5 inch) HD+ Display,13MP + 2MP + 2MP | 8MP Front Camera,6000 mAh Battery,4.4,MediaTek Helio G85 Processor,1 Year Warranty for Mobile and 6 Months for Accessories,"53,534 Ratings & 3,009 Reviews"
"realme 8 Pro (Infinite Black, 128 GB)","₹10,999",6 GB RAM | 128 GB ROM | Expandable Upto 256 GB,16.26 cm (6.4 inch) Full HD+ Display,108MP + 8MP + 2MP + 2MP | 16MP Front Camera,4500 mAh Battery,4.4,Qualcomm Snapdragon 720G Processor,1 Year Warranty for Mobile and 6 Months for Accessories,"69,363 Ratings & 6,274 Reviews"
"realme C33 2023 (Sandy Gold, 128 GB)","₹10,490",4 GB RAM | 128 GB ROM | Expandable Upto 1 TB,16.51 cm (6.5 inch) HD+ Display,50MP + 0.3MP | 5MP Front Camera,5000 mAh Lithium Ion Battery,4.4,Unisoc T612 Processor,1 Year Manufacturer Warranty for Phone and 6 Months Warranty for In-Box Accessories,"24,493 Ratings & 881 Reviews"
"realme GT Master Edition (Daybreak Blue, 128 GB)","₹16,990",8 GB RAM | 128 GB ROM,16.33 cm (6.43 inch) Full HD+ Display,64MP + 8MP + 2MP | 32MP Front Camera,4300 mAh Battery,4.4,Qualcomm Snapdragon 778G Processor,1 Year Warranty for Mobile and 6 Months for Accessories,"63,789 Ratings & 6,667 Reviews"
"realme GT Master Edition (Voyager Grey, 128 GB)","₹24,990",8 GB RAM | 128 GB ROM,16.33 cm (6.43 inch) Full HD+ Display,64MP + 8MP + 2MP | 32MP Front Camera,4300 mAh Battery,4.4,Qualcomm Snapdragon 778G Processor,1 Year Warranty for Mobile and 6 Months for Accessories,"63,789 Ratings & 6,667 Reviews"
"realme C12 (Power Silver, 32 GB)","₹19,990",3 GB RAM | 32 GB ROM | Expandable Upto 256 GB,16.56 cm (6.52 inch) HD+ Display,13MP + 2MP + 2MP | 5MP Front Camera,6000 mAh Lithium-ion Battery,4.4,Mediatek Helio G35 Processor,Brand Warranty of 1 Year Available for Mobile and 6 Months for Accessories,"3,25,754 Ratings & 19,206 Reviews"
"realme GT Master Edition (Daybreak Blue, 128 GB)","₹19,989",6 GB RAM | 128 GB ROM,16.33 cm (6.43 inch) Full HD+ Display,64MP + 8MP + 2MP | 32MP Front Camera,4300 mAh Battery,4.4,Qualcomm Snapdragon 778G Processor,1 Year Warranty for Mobile and 6 Months for Accessories,"47,422 Ratings & 5,000 Reviews"
"realme C12 (Power Blue, 32 GB)","₹13,490",3 GB RAM | 32 GB ROM | Expandable Upto 256 GB,16.56 cm (6.52 inch) HD+ Display,13MP + 2MP + 2MP | 5MP Front Camera,6000 mAh Lithium-ion Battery,4.4,Mediatek Helio G35 Processor,Brand Warranty of 1 Year Available for Mobile and 6 Months for Accessories,"3,25,754 Ratings & 19,206 Reviews"
"realme C25s (Watery Blue, 128 GB)","₹20,490",4 GB RAM | 128 GB ROM | Expandable Upto 256 GB,16.51 cm (6.5 inch) HD+ Display,13MP + 2MP + 2MP | 8MP Front Camera,6000 mAh Battery,4.4,MediaTek Helio G85 Processor,1 Year Warranty for Mobile and 6 Months for Accessories,"53,534 Ratings & 3,009 Reviews"
"realme Narzo 60X 5G (Stellar Green, 128 GB)","₹21,490",6 GB RAM | 128 GB ROM,17.07 cm (6.72 inch) Display,50MP Rear Camera,5000 mAh Battery,4.3,Not Available,Domestic Warranty 1 Year For Handset and 6 Months For Accessories.,"9,137 Ratings & 504 Reviews"
"realme 9 (Stargaze White, 128 GB)","₹12,999",6 GB RAM | 128 GB ROM | Expandable Upto 256 GB,16.26 cm (6.4 inch) Full HD+ AMOLED Display,108MP + 8MP + 2MP | 16MP Front Camera,5000 mAh Lithium Ion Battery,4.4,Qualcomm Snapdragon 680 Processor,1 Year Manufacturer Warranty for Phone and 6 Months Warranty for In-Box Accessories,"67,965 Ratings & 4,684 Reviews"
"realme Narzo 60 pro 5G (?Cosmic Black, 128 GB)","₹10,499",8 GB RAM | 128 GB ROM,17.02 cm (6.7 inch) Full HD+ Display,100MP Rear Camera | 2MP Front Camera,5000 mAh Battery,4.3,octa -core Mediatek Dimensity 7050 processor Processor,Not Available,798 Ratings & 75 Reviews
"realme Narzo 50 Pro 5G (Hyper Blue, 128 GB)","₹19,999",8 GB RAM | 128 GB ROM,16.26 cm (6.4 inch) Display,48MP Rear Camera,5000 mAh Battery,4.2,Dimensity 920 5G Processor Processor,12Months Brand Warranty,318 Ratings & 27 Reviews
"realme Narzo 50 Pro 5G (Hyper Black, 128 GB)","₹10,499",6 GB RAM | 128 GB ROM,16.26 cm (6.4 inch) Display,48MP Rear Camera,5000 mAh Battery,4.2,Dimensity 920 5G Processor Processor,12Months Brand Warranty,624 Ratings & 69 Reviews
"realme Narzo 30 (Racing Silver, 64 GB)","₹24,999",6 GB RAM | 64 GB ROM | Expandable Upto 256 GB,16.51 cm (6.5 inch) Full HD+ Display,48MP + 2MP + 2MP | 16MP Front Camera,5000 mAh Battery,4.3,MediaTek Helio G95 Processor,1 Year Warranty for Mobile and 6 Months for Accessories,"78,980 Ratings & 6,064 Reviews"
"realme Narzo 50 Pro 5G (Hyper Blue, 128 GB)","₹11,999",6 GB RAM | 128 GB ROM,16.26 cm (6.4 inch) Display,48MP Rear Camera | 16MP Front Camera,5000 mAh Battery,4.2,Dimensity 920 5G Processor Processor,12Months Brand Warranty,624 Ratings & 69 Reviews
"realme Narzo 50 Pro 5G (Hyper Black, 128 GB)","₹31,999",8 GB RAM | 128 GB ROM,16.26 cm (6.4 inch) Display,48MP Rear Camera,5000 mAh Battery,4.2,Dimensity 920 5G Processor Processor,12Months Brand Warranty,318 Ratings & 27 Reviews
"realme Narzo 50 (Speed Blue, 128 GB)","₹29,999",6 GB RAM | 128 GB ROM | Expandable Upto 256 GB,16.76 cm (6.6 inch) Full HD+ Display,50MP + 2MP + 2MP | 16MP Front Camera,5000 mAh Lithium Polymer Battery,4.3,Mediatek Helio G96 Processor,1 Year Warranty for Phone and 6 Months Warranty for In-Box Accessories,"14,388 Ratings & 902 Reviews"
"realme Narzo 50 (Speed Black, 64 GB)","₹29,999",4 GB RAM | 64 GB ROM | Expandable Upto 256 GB,16.76 cm (6.6 inch) Full HD+ Display,50MP + 2MP + 2MP | 16MP Front Camera,5000 mAh Lithium Polymer Battery,4.4,Mediatek Helio G96 Processor,1 Year Warranty for Phone and 6 Months Warranty for In-Box Accessories,"18,589 Ratings & 1,143 Reviews"
"realme X2 (Pearl White, 128 GB)","₹13,999",6 GB RAM | 128 GB ROM,16.26 cm (6.4 inch) Full HD+ Display,64MP + 8MP + 2MP + 2MP | 32MP Front Camera,4000 mAh Battery,4.5,Qualcomm Snapdragon 730G Processor,Brand Warranty of 1 Year Available for Mobile and 6 Months for Accessories,"22,577 Ratings & 2,530 Reviews"
"realme Narzo 50 (Speed Blue, 64 GB)","₹15,499",4 GB RAM | 64 GB ROM | Expandable Upto 256 GB,16.76 cm (6.6 inch) Full HD+ Display,50MP + 2MP + 2MP | 16MP Front Camera,5000 mAh Lithium Polymer Battery,4.4,Mediatek Helio G96 Processor,1 Year Warranty for Phone and 6 Months Warranty for In-Box Accessories,"18,589 Ratings & 1,143 Reviews"
"realme GT 2 (Paper Green, 128 GB)","₹15,499",8 GB RAM | 128 GB ROM,16.81 cm (6.62 inch) Full HD+ AMOLED Display,50MP + 8MP + 2MP | 16MP Front Camera,5000 mAh Lithium Ion Battery,4.3,Qualcomm Snapdragon 888 Processor,1 Year Manufacturer Warranty for Phone and 6 Months Warranty for In-Box Accessories,"21,589 Ratings & 2,319 Reviews"
"realme 3 (Dynamic Black, 64 GB)","₹34,999",3 GB RAM | 64 GB ROM | Expandable Upto 256 GB,15.8 cm (6.22 inch) HD+ Display,13MP + 2MP | 13MP Front Camera,4230 mAh Battery,4.5,MediaTek Helio P70 Octa Core 2.1 GHz AI Processor,Brand Warranty of 1 Year Available for Mobile and 6 Months for Accessories,"4,55,717 Ratings & 43,209 Reviews"
"realme GT Neo 3T (Drifting White, 128 GB)","₹30,049",8 GB RAM | 128 GB ROM,16.81 cm (6.62 inch) Full HD+ AMOLED Display,64MP + 8MP + 2MP | 16MP Front Camera,5000 mAh Lithium Ion Battery,4.3,Qualcomm Snapdragon 870 Processor,1 Year Manufacturer Warranty for Phone and 6 Months Warranty for In-Box Accessories,"16,081 Ratings & 1,512 Reviews"
"realme GT Neo 3T (Shade Black, 128 GB)","₹29,999",6 GB RAM | 128 GB ROM,16.81 cm (6.62 inch) Full HD+ AMOLED Display,64MP + 8MP + 2MP | 16MP Front Camera,5000 mAh Lithium Ion Battery,4.3,Qualcomm Snapdragon 870 Processor,1 Year Manufacturer Warranty for Phone and 6 Months Warranty for In-Box Accessories,"23,370 Ratings & 2,344 Reviews"
"realme GT Neo 3T (Drifting White, 128 GB)","₹15,999",6 GB RAM | 128 GB ROM,16.81 cm (6.62 inch) Full HD+ AMOLED Display,64MP + 8MP + 2MP | 16MP Front Camera,5000 mAh Lithium Ion Battery,4.3,Qualcomm Snapdragon 870 Processor,1 Year Manufacturer Warranty for Phone and 6 Months Warranty for In-Box Accessories,"23,370 Ratings & 2,344 Reviews"
"realme 7i (Fusion Green, 64 GB)","₹15,999",4 GB RAM | 64 GB ROM | Expandable Upto 256 GB,16.51 cm (6.5 inch) HD+ Display,64MP + 8MP + 2MP + 2MP | 16MP Front Camera,5000 mAh Lithium-ion Battery,4.3,Qualcomm Snapdragon 662 Processor,Brand Warranty of 1 Year Available for Mobile and 6 Months for Accessories,"3,13,529 Ratings & 21,759 Reviews"
"realme 8 (Cyber Black, 128 GB)","₹14,999",8 GB RAM | 128 GB ROM | Expandable Upto 256 GB,16.26 cm (6.4 inch) Full HD+ Display,64MP + 8MP + 2MP + 2MP | 16MP Front Camera,5000 mAh Battery,4.4,MediaTek Helio G95 Processor,1 Year Warranty for Mobile and 6 Months for Accessories,"97,273 Ratings & 8,359 Reviews"
"realme 8 (Cyber Silver, 128 GB)","₹9,990",8 GB RAM | 128 GB ROM | Expandable Upto 256 GB,16.26 cm (6.4 inch) Full HD+ Display,64MP + 8MP + 2MP + 2MP | 16MP Front Camera,5000 mAh Battery,4.4,MediaTek Helio G95 Processor,1 Year Warranty for Mobile and 6 Months for Accessories,"97,273 Ratings & 8,359 Reviews"
"realme X3 SuperZoom (Arctic White, 256 GB)","₹17,999",12 GB RAM | 256 GB ROM,16.69 cm (6.57 inch) Full HD+ Display,64MP + 8MP + 8MP + 2MP | 32MP + 8MP Dual Front Camera,4200 mAh Battery,4.2,Qualcomm Snapdragon 855+ Processor,Brand Warranty of 1 Year Available for Mobile and 6 Months for Accessories,"3,187 Ratings & 346 Reviews"
"realme X3 SuperZoom (Arctic White, 256 GB)","₹31,999",8 GB RAM | 256 GB ROM,16.69 cm (6.57 inch) Full HD+ Display,64MP + 8MP + 8MP + 2MP | 32MP + 8MP Dual Front Camera,4200 mAh Battery,4.3,Qualcomm Snapdragon 855+ Processor,Brand Warranty of 1 Year Available for Mobile and 6 Months for Accessories,"11,248 Ratings & 1,170 Reviews"
"realme X3 SuperZoom (Arctic White, 128 GB)","₹29,999",8 GB RAM | 128 GB ROM,16.69 cm (6.57 inch) Full HD+ Display,64MP + 8MP + 8MP + 2MP | 32MP + 8MP Dual Front Camera,4200 mAh Battery,4.3,Qualcomm Snapdragon 855+ Processor,Brand Warranty of 1 Year Available for Mobile and 6 Months for Accessories,"11,248 Ratings & 1,170 Reviews"
"realme 5 Pro (Crystal Green, 64 GB)","₹31,999",6 GB RAM | 64 GB ROM | Expandable Upto 256 GB,16.0 cm (6.3 inch) Full HD+ Display,48MP + 8MP + 2MP + 2MP Quad Camera | 16MP Front Camera,4035 mAh Battery,4.5,Qualcomm Snapdragon SDM712 Octa Core 2.3 GHz Processor,Brand Warranty of 1 Year Available for Mobile and 6 Months for Accessories,"1,17,170 Ratings & 11,049 Reviews"
"realme 5 Pro (Sparkling Blue, 64 GB)","₹14,499",6 GB RAM | 64 GB ROM | Expandable Upto 256 GB,16.0 cm (6.3 inch) Full HD+ Display,48MP + 8MP + 2MP + 2MP Quad Camera | 16MP Front Camera,4035 mAh Battery,4.5,Qualcomm Snapdragon SDM712 Octa Core 2.3 GHz Processor,Brand Warranty of 1 Year Available for Mobile and 6 Months for Accessories,"1,17,170 Ratings & 11,049 Reviews"
"realme 5 Pro (Crystal Green, 64 GB)","₹33,999",4 GB RAM | 64 GB ROM | Expandable Upto 256 GB,16.0 cm (6.3 inch) Full HD+ Display,48MP + 8MP + 2MP + 2MP Quad Camera | 16MP Front Camera,4035 mAh Battery,4.5,Qualcomm Snapdragon SDM712 Octa Core 2.3 GHz Processor,Brand Warranty of 1 Year Available for Mobile and 6 Months for Accessories,"1,46,866 Ratings & 13,959 Reviews"
"realme Narzo 20A (Glory Silver, 64 GB)","₹47,999",4 GB RAM | 64 GB ROM | Expandable Upto 256 GB,16.51 cm (6.5 inch) HD+ Display,12MP + 2MP + 2MP | 8MP Front Camera,5000 mAh Lithium-ion Battery,4.4,Qualcomm Snapdragon 665 Processor,Brand Warranty of 1 Year Available for Mobile and 6 Months for Accessories,"2,16,901 Ratings & 13,078 Reviews"
"realme 6 Pro (Lightning Orange, 64 GB)","₹9,990",6 GB RAM | 64 GB ROM | Expandable Upto 256 GB,16.76 cm (6.6 inch) Full HD+ Display,64MP + 12MP + 8MP + 2MP | 16MP + 8MP Dual Front Camera,4300 mAh Battery,4.4,Snapdragon 720G Processor,Brand Warranty of 1 Year Available for Mobile Including Battery and 6 Months for Accessories,"61,232 Ratings & 6,493 Reviews"
"realme X3 SuperZoom (Glacier Blue, 256 GB)","₹14,499",8 GB RAM | 256 GB ROM,16.69 cm (6.57 inch) Full HD+ Display,64MP + 8MP + 8MP + 2MP | 32MP + 8MP Dual Front Camera,4200 mAh Battery,4.3,Qualcomm Snapdragon 855+ Processor,Brand Warranty of 1 Year Available for Mobile and 6 Months for Accessories,"11,248 Ratings & 1,170 Reviews"
"realme GT Neo 3T (Dash Yellow, 128 GB)","₹31,999",6 GB RAM | 128 GB ROM,16.81 cm (6.62 inch) Full HD+ AMOLED Display,64MP + 8MP + 2MP | 16MP Front Camera,5000 mAh Lithium Ion Battery,4.3,Qualcomm Snapdragon 870 Processor,1 Year Manufacturer Warranty for Phone and 6 Months Warranty for In-Box Accessories,"23,370 Ratings & 2,344 Reviews"
"realme GT Neo 3T (Dash Yellow, 128 GB)","₹29,999",8 GB RAM | 128 GB ROM,16.81 cm (6.62 inch) Full HD+ AMOLED Display,64MP + 8MP + 2MP | 16MP Front Camera,5000 mAh Lithium Ion Battery,4.3,Qualcomm Snapdragon 870 Processor,1 Year Manufacturer Warranty for Phone and 6 Months Warranty for In-Box Accessories,"16,081 Ratings & 1,512 Reviews"
"realme 8 (Cyber Black, 128 GB)","₹17,999",6 GB RAM | 128 GB ROM | Expandable Upto 256 GB,16.26 cm (6.4 inch) Full HD+ Display,64MP + 8MP + 2MP + 2MP | 16MP Front Camera,5000 mAh Battery,4.4,MediaTek Helio G95 Processor,1 Year Warranty for Mobile and 6 Months for Accessories,"1,23,148 Ratings & 9,889 Reviews"
"realme GT Neo 3T (Drifting White, 256 GB)","₹17,999",8 GB RAM | 256 GB ROM,16.81 cm (6.62 inch) Full HD+ AMOLED Display,64MP + 8MP + 2MP | 16MP Front Camera,5000 mAh Lithium Ion Battery,4.3,Qualcomm Snapdragon 870 Processor,1 Year Manufacturer Warranty for Phone and 6 Months Warranty for In-Box Accessories,"16,081 Ratings & 1,512 Reviews"
"realme X50 Pro (Moss Green, 256 GB)","₹33,999",12 GB RAM | 256 GB ROM,16.36 cm (6.44 inch) Full HD+ Display,64MP + 12MP + 8MP + 2MP | 32MP + 8MP Dual Front Camera,4200 mAh Battery,4.4,Qualcomm Snapdragon 865 Processor,Brand Warranty of 1 Year Available for Mobile and 6 Months for Accessories,"1,673 Ratings & 187 Reviews"
"realme Narzo 20A (Glory Silver, 64 GB)","₹21,999",4 GB RAM | 64 GB ROM | Expandable Upto 256 GB,16.51 cm (6.5 inch) HD+ Display,12MP + 2MP + 2MP | 8MP Front Camera,5000 mAh Lithium-ion Battery,4.4,Qualcomm Snapdragon 665 Processor,Brand Warranty of 1 Year Available for Mobile and 6 Months for Accessories,"2,16,901 Ratings & 13,078 Reviews"
"realme 8 (Cyber Black, 128 GB)","₹27,999",6 GB RAM | 128 GB ROM | Expandable Upto 256 GB,16.26 cm (6.4 inch) Full HD+ Display,64MP + 8MP + 2MP + 2MP | 16MP Front Camera,5000 mAh Battery,4.4,MediaTek Helio G95 Processor,1 Year Warranty for Mobile and 6 Months for Accessories,"1,23,148 Ratings & 9,889 Reviews"
"realme GT Neo 3T (Dash Yellow, 128 GB)","₹27,999",8 GB RAM | 128 GB ROM,16.81 cm (6.62 inch) Full HD+ AMOLED Display,64MP + 8MP + 2MP | 16MP Front Camera,5000 mAh Lithium Ion Battery,4.3,Qualcomm Snapdragon 870 Processor,1 Year Manufacturer Warranty for Phone and 6 Months Warranty for In-Box Accessories,"16,081 Ratings & 1,512 Reviews"
"realme GT Neo 3T (Dash Yellow, 128 GB)","₹23,999",6 GB RAM | 128 GB ROM,16.81 cm (6.62 inch) Full HD+ AMOLED Display,64MP + 8MP + 2MP | 16MP Front Camera,5000 mAh Lithium Ion Battery,4.3,Qualcomm Snapdragon 870 Processor,1 Year Manufacturer Warranty for Phone and 6 Months Warranty for In-Box Accessories,"23,370 Ratings & 2,344 Reviews"
"realme 6 Pro (Lightning Orange, 64 GB)","₹27,999",6 GB RAM | 64 GB ROM | Expandable Upto 256 GB,16.76 cm (6.6 inch) Full HD+ Display,64MP + 12MP + 8MP + 2MP | 16MP + 8MP Dual Front Camera,4300 mAh Battery,4.4,Snapdragon 720G Processor,Brand Warranty of 1 Year Available for Mobile Including Battery and 6 Months for Accessories,"61,232 Ratings & 6,493 Reviews"
"realme narzo 50 5G (Hyper Black, 64 GB)","₹29,999",4 GB RAM | 64 GB ROM,16.76 cm (6.6 inch) Display,48MP Rear Camera,5000 mAh Battery,4.3,Not Available,12Months Brand Warranty,255 Ratings & 15 Reviews
"realme GT Neo 3T (Drifting White, 256 GB)","₹27,999",8 GB RAM | 256 GB ROM,16.81 cm (6.62 inch) Full HD+ AMOLED Display,64MP + 8MP + 2MP | 16MP Front Camera,5000 mAh Lithium Ion Battery,4.3,Qualcomm Snapdragon 870 Processor,1 Year Manufacturer Warranty for Phone and 6 Months Warranty for In-Box Accessories,"16,081 Ratings & 1,512 Reviews"
"realme 9 Pro 5G (Midnight Black, 128 GB)","₹23,999",6 GB RAM | 128 GB ROM | Expandable Upto 256 GB,16.76 cm (6.6 inch) Full HD+ Display,64MP + 8MP + 2MP | 16MP Front Camera,5000 mAh Li-ion Battery,4.4,Qualcomm Snapdragon 695 Processor,1 Year Warranty for Phone and 6 Months Warranty for In-Box Accessories,"87,952 Ratings & 7,016 Reviews"
"realme 11 Pro+ 5G (Astral Black, 256 GB)","₹23,999",8 GB RAM | 256 GB ROM,17.02 cm (6.7 inch) Full HD+ Display,200MP (OIS) + 8MP + 2MP | 32MP Front Camera,5000 mAh Battery,4.4,Dimensity 7050 Processor,1 Year Manufacturer Warranty for Device and 6 Months Manufacturer Warranty for In-Box Accessories,"58,258 Ratings & 5,261 Reviews"
"realme 11 Pro 5G (Sunrise Beige, 256 GB)","₹8,999",12 GB RAM | 256 GB ROM,17.02 cm (6.7 inch) Full HD+ Display,100MP (OIS) + 2MP | 16MP Front Camera,5000 mAh Battery,4.3,Dimensity 7050 Processor,1 Year Manufacturer Warranty for Device and 6 Months Manufacturer Warranty for In-Box Accessories,"1,932 Ratings & 171 Reviews"
"realme 11 Pro 5G (Oasis Green, 128 GB)","₹9,999",8 GB RAM | 128 GB ROM,17.02 cm (6.7 inch) Full HD+ Display,100MP (OIS) + 2MP | 16MP Front Camera,5000 mAh Battery,4.4,Dimensity 7050 Processor,1 Year Manufacturer Warranty for Device and 6 Months Manufacturer Warranty for In-Box Accessories,"94,987 Ratings & 7,128 Reviews"
"realme 11 Pro+ 5G (Oasis Green, 256 GB)","₹14,490",8 GB RAM | 256 GB ROM,17.02 cm (6.7 inch) Full HD+ Display,200MP (OIS) + 8MP + 2MP | 32MP Front Camera,5000 mAh Battery,4.4,Dimensity 7050 Processor,1 Year Manufacturer Warranty for Device and 6 Months Manufacturer Warranty for In-Box Accessories,"58,258 Ratings & 5,261 Reviews"
"realme 11 Pro+ 5G (Sunrise Beige, 256 GB)","₹18,999",12 GB RAM | 256 GB ROM,17.02 cm (6.7 inch) Full HD+ Display,200MP (OIS) + 8MP + 2MP | 32MP Front Camera,5000 mAh Battery,4.4,Dimensity 7050 Processor,1 Year Manufacturer Warranty for Device and 6 Months Manufacturer Warranty for In-Box Accessories,"19,403 Ratings & 1,786 Reviews"
"realme 11 Pro+ 5G (Sunrise Beige, 256 GB)","₹8,999",8 GB RAM | 256 GB ROM,17.02 cm (6.7 inch) Full HD+ Display,200MP (OIS) + 8MP + 2MP | 32MP Front Camera,5000 mAh Battery,4.4,Dimensity 7050 Processor,1 Year Manufacturer Warranty for Device and 6 Months Manufacturer Warranty for In-Box Accessories,"58,258 Ratings & 5,261 Reviews"
"realme 11 Pro 5G (Sunrise Beige, 128 GB)","₹19,999",8 GB RAM | 128 GB ROM,17.02 cm (6.7 inch) Full HD+ Display,100MP (OIS) + 2MP | 16MP Front Camera,5000 mAh Battery,4.4,Dimensity 7050 Processor,1 Year Manufacturer Warranty for Device and 6 Months Manufacturer Warranty for In-Box Accessories,"94,987 Ratings & 7,128 Reviews"
"realme 11 Pro 5G (Astral Black, 128 GB)","₹18,999",8 GB RAM | 128 GB ROM,17.02 cm (6.7 inch) Full HD+ Display,100MP (OIS) + 2MP | 16MP Front Camera,5000 mAh Battery,4.4,Dimensity 7050 Processor,1 Year Manufacturer Warranty for Device and 6 Months Manufacturer Warranty for In-Box Accessories,"94,987 Ratings & 7,128 Reviews"
"realme C33 (Night Sea, 32 GB)","₹6,999",3 GB RAM | 32 GB ROM | Expandable Upto 1 TB,16.51 cm (6.5 inch) HD+ Display,50MP + 0.3MP | 5MP Front Camera,5000 mAh Lithium Ion Battery,4.4,Unisoc T612 Processor,1 Year Manufacturer Warranty for Phone and 6 Months Warranty for In-Box Accessories,"27,977 Ratings & 1,061 Reviews"
"realme C33 (Sandy Gold, 64 GB)","₹33,999",4 GB RAM | 64 GB ROM | Expandable Upto 1 TB,16.51 cm (6.5 inch) HD+ Display,50MP + 0.3MP | 5MP Front Camera,5000 mAh Lithium Ion Battery,4.4,Unisoc T612 Processor,1 Year Manufacturer Warranty for Phone and 6 Months Warranty for In-Box Accessories,"74,295 Ratings & 3,057 Reviews"
"realme 8 (Cyber Black, 128 GB)","₹6,999",4 GB RAM | 128 GB ROM | Expandable Upto 256 GB,16.26 cm (6.4 inch) Full HD+ Display,64MP + 8MP + 2MP + 2MP | 16MP Front Camera,5000 mAh Battery,4.4,MediaTek Helio G95 Processor,1 Year Warranty for Mobile and 6 Months for Accessories,"1,26,163 Ratings & 10,805 Reviews"
"realme 10 Pro 5G (Nebula Blue, 128 GB)","₹14,999",6 GB RAM | 128 GB ROM | Expandable Upto 1 TB,17.07 cm (6.72 inch) Full HD+ Display,108MP + 2MP | 16MP Front Camera,5000 mAh Battery,4.3,Qualcomm Snapdragon 695 5G Processor,1 Year Manufacturer Warranty for Phone and 6 Months Warranty for In-Box Accessories,"44,157 Ratings & 3,037 Reviews"
"realme C33 (Aqua Blue, 32 GB)","₹12,495",3 GB RAM | 32 GB ROM | Expandable Upto 1 TB,16.51 cm (6.5 inch) HD+ Display,50MP + 0.3MP | 5MP Front Camera,5000 mAh Lithium Ion Battery,4.4,Unisoc T612 Processor,1 Year Manufacturer Warranty for Phone and 6 Months Warranty for In-Box Accessories,"27,977 Ratings & 1,061 Reviews"
"realme 10 Pro 5G (Nebula Blue, 128 GB)","₹7,999",8 GB RAM | 128 GB ROM | Expandable Upto 1 TB,17.07 cm (6.72 inch) Full HD+ Display,108MP + 2MP | 16MP Front Camera,5000 mAh Battery,4.3,Qualcomm Snapdragon 695 5G Processor,1 Year Manufacturer Warranty for Phone and 6 Months Warranty for In-Box Accessories,"40,906 Ratings & 2,835 Reviews"
"realme 10 Pro 5G (Dark Matter, 128 GB)","₹29,100",6 GB RAM | 128 GB ROM | Expandable Upto 1 TB,17.07 cm (6.72 inch) Full HD+ Display,108MP + 2MP | 16MP Front Camera,5000 mAh Battery,4.3,Qualcomm Snapdragon 695 5G Processor,1 Year Manufacturer Warranty for Phone and 6 Months Warranty for In-Box Accessories,"44,157 Ratings & 3,037 Reviews"
"realme C30s (Stripe Black, 32 GB)","₹11,999",2 GB RAM | 32 GB ROM | Expandable Upto 1 TB,16.51 cm (6.5 inch) HD+ Display,8MP Rear Camera | 5MP Front Camera,5000 mAh Lithium Ion Battery,4.4,Unisoc SC9863A/ Unisoc SC9863A1 Processor,1 Year Manufacturer Warranty for Phone and 6 Months Warranty for In-Box Accessories,"7,117 Ratings & 245 Reviews"
"realme GT Neo 3T (Drifting White, 256 GB)","₹26,999",8 GB RAM | 256 GB ROM,16.81 cm (6.62 inch) Full HD+ AMOLED Display,64MP + 8MP + 2MP | 16MP Front Camera,5000 mAh Lithium Ion Battery,4.3,Qualcomm Snapdragon 870 Processor,1 Year Manufacturer Warranty for Phone and 6 Months Warranty for In-Box Accessories,"16,081 Ratings & 1,512 Reviews"
"realme C30s (Stripe Blue, 32 GB)","₹29,999",2 GB RAM | 32 GB ROM | Expandable Upto 1 TB,16.51 cm (6.5 inch) HD+ Display,8MP Rear Camera | 5MP Front Camera,5000 mAh Lithium Ion Battery,4.4,Unisoc SC9863A/ Unisoc SC9863A1 Processor,1 Year Manufacturer Warranty for Phone and 6 Months Warranty for In-Box Accessories,"7,117 Ratings & 245 Reviews"
"realme 9i 5G (Metallica Gold, 64 GB)","₹29,999",4 GB RAM | 64 GB ROM | Expandable Upto 1 TB,16.76 cm (6.6 inch) Full HD+ Display,50MP + 2MP + 2MP | 8MP Front Camera,5000 mAh Lithium Ion Battery,4.4,Mediatek Dimensity 810 5G Processor,1 Year Manufacturer Warranty for Phone and 6 Months Warranty for In-Box Accessories,"56,580 Ratings & 2,723 Reviews"
"realme Narzo 60X 5G (Nebula Purple, 128 GB)","₹7,942",4 GB RAM | 128 GB ROM,17.07 cm (6.72 inch) Display,50MP Rear Camera | 2.07MP Front Camera,5000 mAh Battery,4.3,Not Available,Domestic Warranty 1 Year For Handset and 6 Months For Accessories.,"6,275 Ratings & 317 Reviews"
"realme C30s (Stripe Black, 64 GB)","₹10,499",4 GB RAM | 64 GB ROM | Expandable Upto 1 TB,16.51 cm (6.5 inch) HD+ Display,8MP Rear Camera | 5MP Front Camera,5000 mAh Lithium Ion Battery,4.2,Unisoc SC9863A/ Unisoc SC9863A1 Processor,1 Year Manufacturer Warranty for Phone and 6 Months Warranty for In-Box Accessories,"7,986 Ratings & 421 Reviews"
"(Refurbished) realme GT Neo 3T (Drifting White, 128 GB)","₹13,899",6 GB RAM | 128 GB ROM | Expandable Upto 2 TB,6.62 inch Full HD+ AMOLED Display,"64MP + 8, 2MP Dual Rear Camera | 16MP Front Camera",5000 mAh Battery,4.1,Qualcomm Snapdragon 870 Processor,Not Available,"13,347 Ratings & 851 Reviews"
"realme 12x 5G (Coral Red, 128 GB)","₹13,999",4 GB RAM | 128 GB ROM | Expandable Upto 2 TB,17.07 cm (6.72 inch) Full HD+ Display,50MP + 2MP | 8MP Front Camera,5000 mAh Battery,4.4,Dimensity 6100+ Processor,1 Year Manufacturer Warranty for Device and 6 Months Manufacturer Warranty for Inbox Accessories,"11,875 Ratings & 1,145 Reviews"
"realme 12 Pro+ 5G (Submarine Blue, 256 GB)","₹21,999",12 GB RAM | 256 GB ROM,17.02 cm (6.7 inch) Full HD+ Display,50MP + 8MP + 64MP | 32MP Front Camera,5000 mAh Battery,4.4,Snapdragon 7s Gen 2 Processor,1 Year Manufacturer Warranty for Device and 6 Months Manufacturer Warranty for Inbox Accessories,"23,468 Ratings & 2,785 Reviews"
"realme 12 Pro+ 5G (Explorer Red, 128 GB)","₹21,999",8 GB RAM | 128 GB ROM,17.02 cm (6.7 inch) Full HD+ Display,50MP + 8MP + 64MP | 32MP Front Camera,5000 mAh Battery,4.4,Snapdragon 7s Gen 2 Processor,1 Year Manufacturer Warranty for Device and 6 Months Manufacturer Warranty for Inbox Accessories,"23,468 Ratings & 2,785 Reviews"
"realme 12 Pro+ 5G (Navigator Beige, 128 GB)","₹17,643",8 GB RAM | 128 GB ROM,17.02 cm (6.7 inch) Full HD+ Display,50MP + 8MP + 64MP | 32MP Front Camera,5000 mAh Battery,4.2,Snapdragon 7s Gen 2 Processor,1 Year Manufacturer Warranty for Device and 6 Months Manufacturer Warranty for Inbox Accessories,484 Ratings & 19 Reviews
"realme Narzo N61 (Marble Black, 128 GB)","₹26,999",6 GB RAM | 128 GB ROM,17.12 cm (6.74 inch) Display,32MP Rear Camera,5000 mAh Battery,4.2,Not Available,Not Available,"3,907 Ratings & 183 Reviews"
"realme C65 5G (Glowing Black, 64 GB)","₹32,999",4 GB RAM | 64 GB ROM | Expandable Upto 2 TB,16.94 cm (6.67 inch) HD+ Display,50MP Rear Camera | 8MP Front Camera,5000 mAh Battery,4.2,Dimensity 6300 Processor,1 Year Manufacturer Warranty for Device and 6 Months Manufacturer Warranty for Inbox Accessories,"3,907 Ratings & 183 Reviews"
"realme C65 5G (Speedy Red, 64 GB)","₹32,999",4 GB RAM | 64 GB ROM | Expandable Upto 2 TB,16.94 cm (6.67 inch) HD+ Display,50MP Rear Camera | 8MP Front Camera,5000 mAh Battery,4.3,Dimensity 6300 Processor,1 Year Manufacturer Warranty for Device and 6 Months Manufacturer Warranty for Inbox Accessories,"1,050 Ratings & 78 Reviews"
"realme narzo 70 5G (Forest Green, 128 GB)","₹33,900",6 GB RAM | 128 GB ROM,16.94 cm (6.67 inch) Full HD+ AMOLED Display,50MP Rear Camera,5000 mAh Battery,4.3,Not Available,1 Year Domestic Warranty for Phone and 6 Months Warranty for In-Box Accessories,"1,194 Ratings & 150 Reviews"
"realme P1 Speed 5G (Brushed Blue, 256 GB)","₹10,999",8 GB RAM | 256 GB ROM | Expandable Upto 2 TB,16.94 cm (6.67 inch) Full HD+ Display,50MP + 2MP | 16MP Front Camera,5000 mAh Battery,4.3,Dimensity 7300 Energy Processor,1 Year Manufacturer Warranty for Device and 6 Months Manufacturer Warranty for Inbox Accessories,"1,194 Ratings & 150 Reviews"
"realme P1 Speed 5G (Textured Titanium, 256 GB)","₹27,999",8 GB RAM | 256 GB ROM | Expandable Upto 2 TB,16.94 cm (6.67 inch) Full HD+ Display,50MP + 2MP | 16MP Front Camera,5000 mAh Battery,4.4,Dimensity 7300 Energy Processor,1 Year Manufacturer Warranty for Device and 6 Months Manufacturer Warranty for Inbox Accessories,"5,111 Ratings & 334 Reviews"
"realme Narzo 70 Pro 5G (Glass Green, 256 GB)","₹32,999",8 GB RAM | 256 GB ROM,16.94 cm (6.67 inch) Display,50MP Rear Camera,5000 mAh Battery,4.1,Not Available,1 Year Domestic Warranty for Phone and 6 Months Warranty for In-Box Accessories,94 Ratings & 6 Reviews
"realme 13+ 5G (Dark Purple, 256 GB)","₹20,990",12 GB RAM | 256 GB ROM | Expandable Upto 2 TB,16.94 cm (6.67 inch) Full HD+ Display,50MP + 2MP | 16MP Front Camera,5000 mAh Battery,4.3,Dimensity 7300 Energy Processor,1 Year Manufacturer Warranty for Device and 6 Months Manufacturer Warranty for Inbox Accessories,449 Ratings & 31 Reviews
"realme 13 Pro 5G (Monet Purple, 256 GB)","₹8,999",12 GB RAM | 256 GB ROM,17.02 cm (6.7 inch) Full HD+ Display,50MP + 8MP + 2MP | 32MP Front Camera,5200 mAh Battery,4.3,Snapdragon 7s Gen2 Processor,1 Year Manufacturer Warranty for Device and 6 Months Manufacturer Warranty for Inbox Accessories,449 Ratings & 31 Reviews
"realme 13 Pro 5G (Monet Gold, 256 GB)","₹19,999",12 GB RAM | 256 GB ROM,17.02 cm (6.7 inch) Full HD+ Display,50MP + 8MP + 2MP | 32MP Front Camera,5200 mAh Battery,4.5,Snapdragon 7s Gen2 Processor,1 Year Manufacturer Warranty for Device and 6 Months Manufacturer Warranty for Inbox Accessories,"1,667 Ratings & 114 Reviews"
"realme GT 6T 5G (Razor Green, 128 GB)","₹35,999",8 GB RAM | 128 GB ROM,17.22 cm (6.78 inch) Display,50MP Rear Camera,5500 mAh Battery,4.4,Not Available,Not Available,"1,33,352 Ratings & 5,947 Reviews"
"realme C53 (Champion Black, 64 GB)","₹31,999",6 GB RAM | 64 GB ROM | Expandable Upto 2 TB,17.12 cm (6.74 inch) HD Display,108MP + 2MP | 8MP Front Camera,5000 mAh Battery,4.3,T612 Processor,1 Year Manufacturer Warranty for Phone and 6 Months Warranty for In the Box Accessories,612 Ratings & 104 Reviews
"realme GT 5G (Racing Yellow, 256 GB)","₹69,990",12 GB RAM | 256 GB ROM,16.33 cm (6.43 inch) Full HD+ Display,64MP + 8MP + 2MP | 16MP Front Camera,4500 mAh Battery,4.3,Qualcomm Snapdragon 888 Processor,1 Year Warranty for Mobile and 6 Months for Accessories,"13,403 Ratings & 1,831 Reviews"
"realme X7 Max (Mercury Silver, 256 GB)","₹20,999",12 GB RAM | 256 GB ROM,16.33 cm (6.43 inch) Full HD+ Display,64MP + 8MP + 2MP | 16MP Front Camera,4500 mAh Battery,4.3,MediaTek Dimensity 1200 Processor,1 Year Warranty for Mobile and 6 Months for Accessories,"40,906 Ratings & 2,835 Reviews"
"realme 10 Pro 5G (Dark Matter, 128 GB)","₹7,499",8 GB RAM | 128 GB ROM | Expandable Upto 1 TB,17.07 cm (6.72 inch) Full HD+ Display,108MP + 2MP | 16MP Front Camera,5000 mAh Battery,4.4,Qualcomm Snapdragon 695 5G Processor,1 Year Manufacturer Warranty for Phone and 6 Months Warranty for In-Box Accessories,"4,09,113 Ratings & 42,080 Reviews"
"realme C1 (Mirror Black, 32 GB)","₹18,999",2 GB RAM | 32 GB ROM | Expandable Upto 256 GB,15.75 cm (6.2 inch) HD+ Display,13MP + 2MP | 5MP Front Camera,4230 mAh Li-ion Battery,4.5,Qualcomm Snapdragon 450 Octa Core 1.8 GHz Processor,Brand Warranty of 1 Year Available for Mobile and 6 Months for Accessories,"31,292 Ratings & 3,565 Reviews"
"realme 6 Pro (Lightning Blue, 128 GB)","₹7,499",8 GB RAM | 128 GB ROM | Expandable Upto 256 GB,16.76 cm (6.6 inch) Full HD+ Display,64MP + 12MP + 8MP + 2MP | 16MP + 8MP Dual Front Camera,4300 mAh Battery,4.6,Snapdragon 720G Processor,Brand Warranty of 1 Year Available for Mobile Including Battery and 6 Months for Accessories,"7,964 Ratings & 1,198 Reviews"
"realme X2 Pro (Neptune Blue, 256 GB)","₹13,499",12 GB RAM | 256 GB ROM,16.51 cm (6.5 inch) Full HD+ Display,64MP + 13MP + 8MP + 2MP | 16MP Front Camera,4000 mAh Battery,4.4,Qualcomm Snapdragon 855 Plus Processor,Brand Warranty of 1 Year Available for Mobile and 6 Months for Accessories,"29,715 Ratings & 2,346 Reviews"
"realme 9 5G SE (Azure Glow, 128 GB)","₹16,499",6 GB RAM | 128 GB ROM | Expandable Upto 1 TB,16.76 cm (6.6 inch) Full HD+ Display,48MP + 2MP + 2MP | 16MP Front Camera,5000 mAh Lithium Polymer Battery,4.5,Qualcomm Snapdragon 778G Processor,1 Year Warranty for Phone and 6 Months Warranty for In-Box Accessories,"20,814 Ratings & 3,230 Reviews"
"realme X2 Pro (Neptune Blue, 128 GB)","₹16,499",8 GB RAM | 128 GB ROM,16.51 cm (6.5 inch) Full HD+ Display,64MP + 13MP + 8MP + 2MP | 16MP Front Camera,4000 mAh Battery,4.5,Qualcomm Snapdragon 855 Plus Processor,Brand Warranty of 1 Year Available for Mobile and 6 Months for Accessories,"43,629 Ratings & 5,178 Reviews"
"realme GT 7 Pro (Galaxy Grey, 256 GB)","₹69,990",12 GB RAM | 256 GB ROM,17.22 cm (6.78 inch) Display,50MP Rear Camera,5800 mAh Battery,4.4,Not Available,Not Available,"3,02,334 Ratings & 14,028 Reviews"
"realme X (Polar White, 128 GB)","₹13,499",8 GB RAM | 128 GB ROM,16.59 cm (6.53 inch) Full HD+ Display,48MP + 5MP | 16MP Front Camera,3765 mAh Battery,4.4,Qualcomm Snapdragon 710 Octa Core 2.2 GHz AIE Processor,Brand Warranty of 1 Year Available for Mobile and 6 Months for Accessories,"61,232 Ratings & 6,493 Reviews"
"realme C20 (Cool Grey, 32 GB)","₹7,999",2 GB RAM | 32 GB ROM | Expandable Upto 256 GB,16.51 cm (6.5 inch) HD+ Display,8MP Rear Camera | 5MP Front Camera,5000 mAh Battery,4.4,MediaTek Helio G35 Processor,1 Year Warranty for Mobile and 6 Months for Accessories,"3,02,334 Ratings & 14,028 Reviews"
"realme 6 Pro (Lightning Blue, 128 GB)","₹6,999",6 GB RAM | 128 GB ROM | Expandable Upto 256 GB,16.76 cm (6.6 inch) Full HD+ Display,64MP + 12MP + 8MP + 2MP | 16MP + 8MP Dual Front Camera,4300 mAh Battery,4.3,Snapdragon 720G Processor,Brand Warranty of 1 Year Available for Mobile Including Battery and 6 Months for Accessories,"60,537 Ratings & 5,771 Reviews"
"realme C20 (Cool Blue, 32 GB)","₹5,999",2 GB RAM | 32 GB ROM | Expandable Upto 256 GB,16.51 cm (6.5 inch) HD+ Display,8MP Rear Camera | 5MP Front Camera,5000 mAh Battery,4.3,MediaTek Helio G35 Processor,1 Year Warranty for Mobile and 6 Months for Accessories,"29,576 Ratings & 2,717 Reviews"
"realme Narzo 30 Pro 5G (Sword Black, 64 GB)","₹10,999",6 GB RAM | 64 GB ROM | Expandable Upto 256 GB,16.51 cm (6.5 inch) Full HD+ Display,48MP + 8MP + 2MP | 16MP Front Camera,5000 mAh Battery,4.3,MediaTek Dimensity 800U Processor,1 Year Warranty for Mobile and 6 Months for Accessories,"29,576 Ratings & 2,717 Reviews"
"realme Narzo 30 Pro 5G (Blade Silver, 128 GB)","₹7,999",8 GB RAM | 128 GB ROM | Expandable Upto 256 GB,16.51 cm (6.5 inch) Full HD+ Display,48MP + 8MP + 2MP | 16MP Front Camera,5000 mAh Battery,4.3,MediaTek Dimensity 800U Processor,1 Year Warranty for Mobile and 6 Months for Accessories,"60,537 Ratings & 5,771 Reviews"
"realme Narzo 30 Pro 5G (Sword Black, 128 GB)","₹23,999",8 GB RAM | 128 GB ROM | Expandable Upto 256 GB,16.51 cm (6.5 inch) Full HD+ Display,48MP + 8MP + 2MP | 16MP Front Camera,5000 mAh Battery,4.4,MediaTek Dimensity 800U Processor,1 Year Warranty for Mobile and 6 Months for Accessories,"9,17,281 Ratings & 70,654 Reviews"
"realme GT 7 Pro (Mars Orange, 256 GB)","₹12,999",12 GB RAM | 256 GB ROM,17.22 cm (6.78 inch) Display,50MP Rear Camera,5800 mAh Battery,4.1,Not Available,Not Available,"73,482 Ratings & 4,189 Reviews"
"realme Narzo 30 Pro 5G (Blade Silver, 64 GB)","₹26,999",6 GB RAM | 64 GB ROM | Expandable Upto 256 GB,16.51 cm (6.5 inch) Full HD+ Display,48MP + 8MP + 2MP | 16MP Front Camera,5000 mAh Battery,4.2,MediaTek Dimensity 800U Processor,1 Year Warranty for Mobile and 6 Months for Accessories,"1,12,606 Ratings & 5,736 Reviews"
"realme C2 (Diamond Blue, 32 GB)","₹11,499",2 GB RAM | 32 GB ROM | Expandable Upto 256 GB,15.49 cm (6.1 inch) HD+ Display,13MP + 2MP | 5MP Front Camera,4000 mAh Battery,4.4,MediaTek P22 Octa Core 2.0 GHz Processor,Brand Warranty of 1 Year Available for Mobile and 6 Months for Accessories,"1,92,373 Ratings & 17,281 Reviews"
"Realme C30 - Locked with Airtel Prepaid (Lake Blue, 32 GB)","₹18,999",3 GB RAM | 32 GB ROM | Expandable Upto 1 TB,16.51 cm (6.5 inch) HD+ Display,8MP Rear Camera | 5MP Front Camera,5000 mAh Lithium Ion Battery,4.4,Unisoc T612 Processor,1 Year Manufacturer Warranty for Phone and 6 Months Warranty for In-Box Accessories,"44,799 Ratings & 2,282 Reviews"
"Realme C30 - Locked with Airtel Prepaid (Bamboo Green, 32 GB)","₹23,999",2 GB RAM | 32 GB ROM | Expandable Upto 1 TB,16.51 cm (6.5 inch) HD+ Display,8MP Rear Camera | 5MP Front Camera,5000 mAh Lithium Ion Battery,4.4,Unisoc T612 Processor,1 Year Manufacturer Warranty for Phone and 6 Months Warranty for In-Box Accessories,"9,17,281 Ratings & 70,654 Reviews"
"realme 6 (Comet Blue, 64 GB)","₹18,999",6 GB RAM | 64 GB ROM | Expandable Upto 256 GB,16.51 cm (6.5 inch) Full HD+ Display,64MP + 8MP + 2MP + 2MP | 16MP Front Camera,4300 mAh Battery,4.3,MediaTek Helio G90T Processor,Brand Warranty of 1 Year Available for Mobile Including Battery and 6 Months for Accessories,"25,384 Ratings & 2,387 Reviews"
"realme C25 (Watery Grey, 64 GB)","₹23,999",4 GB RAM | 64 GB ROM | Expandable Upto 256 GB,16.51 cm (6.5 inch) HD+ Display,13MP + 2MP + 2MP | 8MP Front Camera,6000 mAh Battery,4.4,MediaTek Helio G70 Processor,1 Year Warranty for Mobile and 6 Months for Accessories,"3,34,842 Ratings & 29,716 Reviews"
"realme C2 (Diamond Black, 32 GB)","₹11,999",2 GB RAM | 32 GB ROM | Expandable Upto 256 GB,15.49 cm (6.1 inch) HD+ Display,13MP + 2MP | 5MP Front Camera,4000 mAh Battery,4.4,MediaTek P22 Octa Core 2.0 GHz Processor,Brand Warranty of 1 Year Available for Mobile and 6 Months for Accessories,"5,349 Ratings & 718 Reviews"
"realme X7 5G (Nebula, 128 GB)","₹12,499",8 GB RAM | 128 GB ROM,16.33 cm (6.43 inch) Full HD+ Display,64MP + 8MP + 2MP | 16MP Front Camera,4310 mAh Battery,4.4,MediaTek Dimensity 800U Processor,Brand Warranty of 1 Year Available for Mobile and 6 Months for Accessories,"3,45,038 Ratings & 21,947 Reviews"
"realme 5 (Crystal Blue, 128 GB)","₹11,999",4 GB RAM | 128 GB ROM | Expandable Upto 256 GB,16.51 cm (6.5 inch) HD+ Display,12MP + 8MP + 2MP + 2MP Quad Camera | 13MP Front Camera,5000 mAH Battery,4.3,Qualcomm Snapdragon 665 2 GHz Processor,Brand Warranty of 1 Year Available for Mobile and 6 Months for Accessories,"51,185 Ratings & 4,060 Reviews"
"realme GT NEO 2 (NEO Black, 256 GB)","₹11,999",12 GB RAM | 256 GB ROM,16.81 cm (6.62 inch) Full HD+ Display,64MP + 8MP + 2MP | 16MP Front Camera,5000 mAh Battery,4.3,Qualcomm Snapdragon 870 Processor,1 Year Warranty for Mobile and 6 Months for Accessories,"51,185 Ratings & 4,060 Reviews"
"realme Narzo 50A (Oxygen Green, 64 GB)","₹9,899",4 GB RAM | 64 GB ROM | Expandable Upto 256 GB,16.51 cm (6.5 inch) HD+ Display,50MP + 2MP + 2MP | 8MP Front Camera,6000 mAh Battery,4.4,MediaTek Helio G85 Processor,1 Year Warranty for Mobile and 6 Months for Accessories,"3,34,842 Ratings & 29,716 Reviews"
"realme Narzo 20 Pro (White Knight, 128 GB)","₹9,315",8 GB RAM | 128 GB ROM | Expandable Upto 256 GB,16.51 cm (6.5 inch) Full HD+ Display,48MP + 8MP + 2MP + 2MP | 16MP Front Camera,4500 mAh Lithium-ion Battery,4.4,MediaTek Helio G95 Processor,Brand Warranty of 1 Year Available for Mobile and 6 Months for Accessories,"3,45,038 Ratings & 21,947 Reviews"
"realme 13 5G (Speed Green, 256 GB)","₹10,999",12 GB RAM | 256 GB ROM | Expandable Upto 2 TB,17.07 cm (6.72 inch) Full HD+ Display,50MP + 2MP | 16MP Front Camera,5000 mAh Battery,4.4,Dimensity 6300 Processor,1 Year Manufacturer Warranty for Device and 6 Months Manufacturer Warranty for Inbox Accessories,"3,34,842 Ratings & 29,716 Reviews"
"realme Narzo 20 Pro (Black Ninja, 128 GB)","₹26,999",8 GB RAM | 128 GB ROM | Expandable Upto 256 GB,16.51 cm (6.5 inch) Full HD+ Display,48MP + 8MP + 2MP + 2MP | 16MP Front Camera,4500 mAh Lithium-ion Battery,4.3,MediaTek Helio G95 Processor,Brand Warranty of 1 Year Available for Mobile and 6 Months for Accessories,"17,913 Ratings & 1,001 Reviews"
"realme 13 5G (Dark Purple, 256 GB)","₹8,999",12 GB RAM | 256 GB ROM | Expandable Upto 2 TB,17.07 cm (6.72 inch) Full HD+ Display,50MP + 2MP | 16MP Front Camera,5000 mAh Battery,4.5,Dimensity 6300 Processor,1 Year Manufacturer Warranty for Device and 6 Months Manufacturer Warranty for Inbox Accessories,"2,69,440 Ratings & 21,395 Reviews"
"realme 5 (Crystal Blue, 64 GB)","₹22,999",4 GB RAM | 64 GB ROM | Expandable Upto 256 GB,16.51 cm (6.5 inch) HD+ Display,12MP + 8MP + 2MP + 2MP Quad Camera | 13MP Front Camera,5000 mAH Battery,4.3,Qualcomm Snapdragon 665 2 GHz Processor,Brand Warranty of 1 Year Available for Mobile and 6 Months for Accessories,"7,421 Ratings & 389 Reviews"
"realme Narzo 50A (Oxygen Green, 128 GB)","₹8,948",4 GB RAM | 128 GB ROM | Expandable Upto 256 GB,16.51 cm (6.5 inch) HD+ Display,50MP + 2MP + 2MP | 8MP Front Camera,6000 mAh Battery,4.4,MediaTek Helio G85 Processor,1 Year Warranty for Mobile and 6 Months for Accessories,"1,07,480 Ratings & 8,906 Reviews"
"realme 5 (Crystal Purple, 128 GB)","₹18,499",4 GB RAM | 128 GB ROM | Expandable Upto 256 GB,16.51 cm (6.5 inch) HD+ Display,12MP + 8MP + 2MP + 2MP Quad Camera | 13MP Front Camera,5000 mAH Battery,4.4,Qualcomm Snapdragon 665 2 GHz Processor,Brand Warranty of 1 Year Available for Mobile and 6 Months for Accessories,"5,349 Ratings & 718 Reviews"
"realme C35 (Glowing Black, 128 GB)","₹18,499",6 GB RAM | 128 GB ROM | Expandable Upto 1 TB,16.76 cm (6.6 inch) Full HD+ Display,50MP + 2MP + 0.3MP | 8MP Front Camera,5000 mAh Lithium Polymer Battery,4.4,Unisoc Tiger T616 Processor,1 Year Warranty for Phone and 6 Months Warranty for In-Box Accessories,"1,92,890 Ratings & 13,281 Reviews"
"realme 5 (Crystal Purple, 32 GB)","₹16,499",3 GB RAM | 32 GB ROM | Expandable Upto 256 GB,16.51 cm (6.5 inch) HD+ Display,12MP + 8MP + 2MP + 2MP Quad Camera | 13MP Front Camera,5000 mAH Battery,4.4,Qualcomm Snapdragon 665 2 GHz Processor,Brand Warranty of 1 Year Available for Mobile and 6 Months for Accessories,"18,458 Ratings & 2,460 Reviews"
"realme Narzo N55 (Prime Black, 128 GB)","₹16,499",6 GB RAM | 128 GB ROM,17.07 cm (6.72 inch) Display,64MP Rear Camera,5000 mAh Battery,4.1,Not Available,1 Year Domestic Warranty for Phone and 6 Months Warranty for In-Box Accessories,"1,787 Ratings & 81 Reviews"
"realme Narzo 30 (Racing Blue, 64 GB)","₹20,999",4 GB RAM | 64 GB ROM | Expandable Upto 256 GB,16.51 cm (6.5 inch) Full HD+ Display,48MP + 2MP + 2MP | 16MP Front Camera,5000 mAh Battery,4.4,MediaTek Helio G95 Processor,1 Year Warranty for Mobile and 6 Months for Accessories,"70,821 Ratings & 5,639 Reviews"
"realme GT NEO 2 (NEO Green, 256 GB)","₹14,998",12 GB RAM | 256 GB ROM,16.81 cm (6.62 inch) Full HD+ Display,64MP + 8MP + 2MP | 16MP Front Camera,5000 mAh Battery,4.4,Qualcomm Snapdragon 870 Processor,1 Year Warranty for Mobile and 6 Months for Accessories,"70,821 Ratings & 5,639 Reviews"
"realme C3 (Blazing Red, 64 GB)","₹32,999",4 GB RAM | 64 GB ROM | Expandable Upto 256 GB,16.56 cm (6.52 inch) HD+ Display,12MP + 2MP | 5MP Front Camera,5000 mAh Battery,4.3,Helio G70 Processor,Brand Warranty of 1 Year Available for Mobile and 6 Months for Accessories,"78,532 Ratings & 6,066 Reviews"
"realme GT NEO 2 (NEO Green, 128 GB)","₹27,999",8 GB RAM | 128 GB ROM,16.81 cm (6.62 inch) Full HD+ Display,64MP + 8MP + 2MP | 16MP Front Camera,5000 mAh Battery,4.3,Qualcomm Snapdragon 870 Processor,1 Year Warranty for Mobile and 6 Months for Accessories,"78,532 Ratings & 6,066 Reviews"
"realme NARZO 50A PRIME (FLASH BLUE, 64 GB)","₹9,999",4 GB RAM | 64 GB ROM,16.76 cm (6.6 inch) Display,50MP Rear Camera | 8MP Front Camera,5000 mAh Battery,4.4,Not Available,Not Available,"35,953 Ratings & 3,809 Reviews"
"realme 8 5G (Supersonic Black, 128 GB)","₹35,000",8 GB RAM | 128 GB ROM | Expandable Upto 1 TB,16.51 cm (6.5 inch) Full HD+ Display,48MP + 2MP + 2MP | 16MP Front Camera,5000 mAh Battery,4.3,MediaTek Dimensity 700 (MT6833) Processor,1 Year Warranty for Mobile and 6 Months for Accessories,"7,421 Ratings & 389 Reviews"
"realme 8 5G (Supersonic Blue, 128 GB)","₹10,999",8 GB RAM | 128 GB ROM | Expandable Upto 1 TB,16.51 cm (6.5 inch) Full HD+ Display,48MP + 2MP + 2MP | 16MP Front Camera,5000 mAh Battery,4.3,MediaTek Dimensity 700 (MT6833) Processor,1 Year Warranty for Mobile and 6 Months for Accessories,449 Ratings & 31 Reviews
"realme 8 5G (Supersonic Black, 128 GB)","₹8,999",4 GB RAM | 128 GB ROM | Expandable Upto 1 TB,16.51 cm (6.5 inch) Full HD+ Display,48MP + 2MP + 2MP | 16MP Front Camera,5000 mAh Battery,4.3,MediaTek Dimensity 700 (MT6833) Processor,1 Year Warranty for Mobile and 6 Months for Accessories,612 Ratings & 104 Reviews
"realme 8 5G (Supersonic Blue, 128 GB)","₹19,999",4 GB RAM | 128 GB ROM | Expandable Upto 1 TB,16.51 cm (6.5 inch) Full HD+ Display,48MP + 2MP + 2MP | 16MP Front Camera,5000 mAh Battery,4.1,MediaTek Dimensity 700 (MT6833) Processor,1 Year Warranty for Mobile and 6 Months for Accessories,"25,100 Ratings & 1,596 Reviews"
"realme 9 Pro+ 5G (Aurora Green, 128 GB)","₹18,999",8 GB RAM | 128 GB ROM,16.26 cm (6.4 inch) Full HD+ AMOLED Display,50MP + 8MP + 2MP | 16MP Front Camera,4500 mAh Li-ion Battery,4.5,Mediatek Dimensity 920 Processor,1 Year Warranty for Phone and 6 Months Warranty for In-Box Accessories,"1,667 Ratings & 114 Reviews"
"realme Narzo N55 (Prime Blue, 128 GB)","₹8,998",6 GB RAM | 128 GB ROM,17.07 cm (6.72 inch) Display,64MP Rear Camera,5000 mAh Battery,4.4,Not Available,1 Year Domestic Warranty for Phone and 6 Months Warranty for In-Box Accessories,"1,33,352 Ratings & 5,947 Reviews"
"realme 13 Pro 5G (Monet Purple, 256 GB)","₹33,900",12 GB RAM | 256 GB ROM,17.02 cm (6.7 inch) Full HD+ Display,50MP + 8MP + 2MP | 32MP Front Camera,5200 mAh Battery,4.3,Snapdragon 7s Gen2 Processor,1 Year Manufacturer Warranty for Device and 6 Months Manufacturer Warranty for Inbox Accessories,"91,256 Ratings & 3,757 Reviews"
"realme GT 5G (Racing Yellow, 256 GB)","₹15,999",12 GB RAM | 256 GB ROM,16.33 cm (6.43 inch) Full HD+ Display,64MP + 8MP + 2MP | 16MP Front Camera,4500 mAh Battery,4.3,Qualcomm Snapdragon 888 Processor,1 Year Warranty for Mobile and 6 Months for Accessories,"72,660 Ratings & 5,467 Reviews"
"realme C53 (Champion Black, 128 GB)","₹27,999",4 GB RAM | 128 GB ROM | Expandable Upto 2 TB,17.12 cm (6.74 inch) HD Display,108MP + 2MP | 8MP Front Camera,5000 mAh Battery,4.3,T612 Processor,1 Year Manufacturer Warranty for Phone and 6 Months Warranty for In the Box Accessories,"72,660 Ratings & 5,467 Reviews"
"realme GT 6T 5G (Razor Green, 256 GB)","₹27,999",8 GB RAM | 256 GB ROM,17.22 cm (6.78 inch) Display,50MP Rear Camera,5500 mAh Battery,4.1,Not Available,Not Available,"2,592 Ratings & 73 Reviews"
"realme C53 (Champion Black, 64 GB)","₹27,999",6 GB RAM | 64 GB ROM | Expandable Upto 2 TB,17.12 cm (6.74 inch) HD Display,108MP + 2MP | 8MP Front Camera,5000 mAh Battery,4.5,T612 Processor,1 Year Manufacturer Warranty for Phone and 6 Months Warranty for In the Box Accessories,"1,667 Ratings & 114 Reviews"
"realme C51 (Carbon Black, 64 GB)","₹25,999",4 GB RAM | 64 GB ROM | Expandable Upto 2 TB,17.12 cm (6.74 inch) HD Display,50MP + 0.08MP | 5MP Front Camera,5000 mAh Battery,4.3,T612 Processor,1 Year Manufacturer Warranty for Phone and 6 Months Warranty for In the Box Accessories,"19,558 Ratings & 1,248 Reviews"
"realme 11 5G (Glory Gold, 256 GB)","₹9,999",8 GB RAM | 256 GB ROM | Expandable Upto 2 TB,17.07 cm (6.72 inch) Full HD+ Display,108MP + 2MP | 16MP Front Camera,5000 mAh Battery,4.4,Dimensity 6100+ Processor,1 Year Manufacturer Warranty for Phone and 6 Months Warranty for In the Box Accessories,"26,469 Ratings & 2,116 Reviews"
"realme 11 5G (Glory Gold, 128 GB)","₹15,999",8 GB RAM | 128 GB ROM | Expandable Upto 2 TB,17.07 cm (6.72 inch) Full HD+ Display,108MP + 2MP | 16MP Front Camera,5000 mAh Battery,4.4,Dimensity 6100+ Processor,1 Year Manufacturer Warranty for Phone and 6 Months Warranty for In the Box Accessories,"26,469 Ratings & 2,116 Reviews"
"realme Narzo N63 4G (Twilight Purple, 128 GB)","₹14,999",4 GB RAM | 128 GB ROM,17.12 cm (6.74 inch) Display,50MP Rear Camera | 8MP Front Camera,5000 mAh Battery,4.4,Not Available,Domestic Warranty  1 year for handset and 6 months for accessories.,"26,469 Ratings & 2,116 Reviews"
"realme GT 6T 5G (Razor Green, 128 GB)","₹10,999",8 GB RAM | 128 GB ROM,17.22 cm (6.78 inch) Display,50MP Rear Camera,5500 mAh Battery,4.4,Not Available,Not Available,"26,469 Ratings & 2,116 Reviews"
"realme 11x 5G (Midnight Black, 128 GB)","₹14,999",8 GB RAM | 128 GB ROM | Expandable Upto 2 TB,17.07 cm (6.72 inch) Full HD+ Display,64MP + 2MP | 8MP Front Camera,5000 mAh Battery,4.1,Dimensity 6100+ Processor,1 Year Manufacturer Warranty for Phone and 6 Months Warranty for In the Box Accessories,"25,100 Ratings & 1,596 Reviews"
"realme 10 Pro+ 5G (Hyperspace, 256 GB)","₹9,499",8 GB RAM | 256 GB ROM,17.02 cm (6.7 inch) Full HD+ Display,108MP + 8MP + 2MP | 16MP Front Camera,5000 mAh Battery,4.3,Mediatek Dimensity 1080 5G Processor,1 Year Manufacturer Warranty for Phone and 6 Months Warranty for In-Box Accessories,"19,558 Ratings & 1,248 Reviews"
"realme 10 Pro+ 5G (Nebula Blue, 256 GB)","₹28,999",8 GB RAM | 256 GB ROM,17.02 cm (6.7 inch) Full HD+ Display,108MP + 8MP + 2MP | 16MP Front Camera,5000 mAh Battery,4.4,Mediatek Dimensity 1080 5G Processor,1 Year Manufacturer Warranty for Phone and 6 Months Warranty for In-Box Accessories,"1,37,545 Ratings & 8,428 Reviews"
"realme 10 Pro+ 5G (Dark Matter, 256 GB)","₹10,999",8 GB RAM | 256 GB ROM,17.02 cm (6.7 inch) Full HD+ Display,108MP + 8MP + 2MP | 16MP Front Camera,5000 mAh Battery,4.4,Mediatek Dimensity 1080 5G Processor,1 Year Manufacturer Warranty for Phone and 6 Months Warranty for In-Box Accessories,"1,12,356 Ratings & 6,269 Reviews"
"realme 10 Pro+ 5G (Nebula Blue, 128 GB)","₹14,999",8 GB RAM | 128 GB ROM,17.02 cm (6.7 inch) Full HD+ Display,108MP + 8MP + 2MP | 16MP Front Camera,5000 mAh Battery,4.4,Mediatek Dimensity 1080 5G Processor,1 Year Manufacturer Warranty for Phone and 6 Months Warranty for In-Box Accessories,"1,37,545 Ratings & 8,428 Reviews"
"realme C53 (Champion Gold, 128 GB)","₹11,999",4 GB RAM | 128 GB ROM | Expandable Upto 2 TB,17.12 cm (6.74 inch) HD Display,108MP + 2MP | 8MP Front Camera,5000 mAh Battery,4.3,T612 Processor,1 Year Manufacturer Warranty for Phone and 6 Months Warranty for In the Box Accessories,"91,256 Ratings & 3,757 Reviews"
"realme 11x 5G (Purple Dawn, 128 GB)","₹10,999",8 GB RAM | 128 GB ROM | Expandable Upto 2 TB,17.07 cm (6.72 inch) Full HD+ Display,64MP + 2MP | 8MP Front Camera,5000 mAh Battery,4.4,Dimensity 6100+ Processor,1 Year Manufacturer Warranty for Phone and 6 Months Warranty for In the Box Accessories,"1,878 Ratings & 229 Reviews"
"realme 11x 5G (Midnight Black, 128 GB)","₹10,999",6 GB RAM | 128 GB ROM | Expandable Upto 2 TB,17.07 cm (6.72 inch) Full HD+ Display,64MP + 2MP | 8MP Front Camera,5000 mAh Battery,4.4,Dimensity 6100+ Processor,1 Year Manufacturer Warranty for Phone and 6 Months Warranty for In the Box Accessories,"1,12,356 Ratings & 6,269 Reviews"
"realme C55 (Rainforest, 64 GB)","₹13,999",4 GB RAM | 64 GB ROM | Expandable Upto 1 TB,17.07 cm (6.72 inch) Full HD+ Display,64MP + 2MP | 8MP Front Camera,5000 mAh Battery,4.3,Helio G88 Processor,1 Year Manufacturer Warranty for Phone and 6 Months Warranty for In the Box Accessories,"1,341 Ratings & 105 Reviews"
"realme 11x 5G (Purple Dawn, 128 GB)","₹11,111",6 GB RAM | 128 GB ROM | Expandable Upto 2 TB,17.07 cm (6.72 inch) Full HD+ Display,64MP + 2MP | 8MP Front Camera,5000 mAh Battery,4.3,Dimensity 6100+ Processor,1 Year Manufacturer Warranty for Phone and 6 Months Warranty for In the Box Accessories,"78,980 Ratings & 6,064 Reviews"
"realme C51 (Carbon Black, 128 GB)","₹10,499",4 GB RAM | 128 GB ROM | Expandable Upto 2 TB,17.12 cm (6.74 inch) HD Display,50MP + 0.08MP | 5MP Front Camera,5000 mAh Battery,4.4,T612 Processor,1 Year Manufacturer Warranty for Phone and 6 Months Warranty for In the Box Accessories,"1,07,480 Ratings & 8,906 Reviews"
"realme GT 2 (Paper White, 256 GB)","₹10,999",12 GB RAM | 256 GB ROM,16.81 cm (6.62 inch) Full HD+ AMOLED Display,50MP + 8MP + 2MP | 16MP Front Camera,5000 mAh Lithium Ion Battery,4.5,Qualcomm Snapdragon 888 Processor,1 Year Manufacturer Warranty for Phone and 6 Months Warranty for In-Box Accessories,"87,929 Ratings & 5,071 Reviews"
"realme C55 (Rainy Night, 64 GB)","₹8,490",4 GB RAM | 64 GB ROM | Expandable Upto 1 TB,17.07 cm (6.72 inch) Full HD+ Display,64MP + 2MP | 8MP Front Camera,5000 mAh Battery,4.4,Helio G88 Processor,1 Year Manufacturer Warranty for Phone and 6 Months Warranty for In the Box Accessories,"86,731 Ratings & 8,886 Reviews"
"realme C67 5G (Dark Purple, 128 GB)","₹11,449",6 GB RAM | 128 GB ROM | Expandable Upto 2 TB,17.07 cm (6.72 inch) Full HD+ Display,50MP + 2MP | 8MP Front Camera,5000 mAh Battery,4.1,Dimensity 6100+ Processor,1 Year Manufacturer Warranty for Phone and 6 Months Warranty for In the Box Accessories,"1,787 Ratings & 81 Reviews"
"realme Narzo 30 (Racing Blue, 64 GB)","₹10,999",6 GB RAM | 64 GB ROM | Expandable Upto 256 GB,16.51 cm (6.5 inch) Full HD+ Display,48MP + 2MP + 2MP | 16MP Front Camera,5000 mAh Battery,4.4,MediaTek Helio G95 Processor,1 Year Warranty for Mobile and 6 Months for Accessories,"24,493 Ratings & 881 Reviews"
"realme Narzo 30 (Racing Silver, 64 GB)","₹9,999",4 GB RAM | 64 GB ROM | Expandable Upto 256 GB,16.51 cm (6.5 inch) Full HD+ Display,48MP + 2MP + 2MP | 16MP Front Camera,5000 mAh Battery,4.4,MediaTek Helio G95 Processor,1 Year Warranty for Mobile and 6 Months for Accessories,"80,219 Ratings & 6,517 Reviews"
"realme Narzo 10A (So White, 64 GB)","₹14,011",4 GB RAM | 64 GB ROM | Expandable Upto 256 GB,16.56 cm (6.52 inch) HD+ Display,12MP + 2MP + 2MP | 5MP Front Camera,5000 mAh Lithium-ion Battery,4.4,MediaTek Helio G70 (12 nm) Processor,Brand Warranty of 1 Year Available for Mobile and 6 Months for Accessories,"1,47,178 Ratings & 10,699 Reviews"
"realme 6 (Comet White, 64 GB)","₹14,999",4 GB RAM | 64 GB ROM | Expandable Upto 256 GB,16.51 cm (6.5 inch) Full HD+ Display,64MP + 8MP + 2MP + 2MP | 16MP Front Camera,4300 mAh Battery,4.1,MediaTek Helio G90T Processor,Brand Warranty of 1 Year Available for Mobile Including Battery and 6 Months for Accessories,"1,787 Ratings & 81 Reviews"
"realme Narzo 50A Prime (Flash Blue, 128 GB)","₹19,990",4 GB RAM | 128 GB ROM,16.76 cm (6.6 inch) Display,50MP Rear Camera,5000 mAh Battery,4.4,Not Available,12 Months Brand Warranty,"11,324 Ratings & 536 Reviews"
"realme C33 2023 (Sandy Gold, 128 GB)","₹16,999",4 GB RAM | 128 GB ROM | Expandable Upto 1 TB,16.51 cm (6.5 inch) HD+ Display,50MP + 0.3MP | 5MP Front Camera,5000 mAh Lithium Ion Battery,4.4,Unisoc T612 Processor,1 Year Manufacturer Warranty for Phone and 6 Months Warranty for In-Box Accessories,"11,324 Ratings & 536 Reviews"
"realme 3i (Diamond Red, 64 GB)","₹14,078",4 GB RAM | 64 GB ROM | Expandable Upto 256 GB,15.8 cm (6.22 inch) HD+ Display,13MP + 2MP | 13MP Front Camera,4230 mAh Battery,4.4,MediaTek Helio P60 Octa Core 2.0 GHz Processor,Brand Warranty of 1 Year Available for Mobile and 6 Months for Accessories,"88,338 Ratings & 7,673 Reviews"
"realme C3 (Frozen Blue, 32 GB)","₹16,846",3 GB RAM | 32 GB ROM | Expandable Upto 256 GB,16.56 cm (6.52 inch) HD+ Display,12MP + 2MP | 5MP Front Camera,5000 mAh Battery,4.4,Helio G70 Processor,Brand Warranty of 1 Year Available for Mobile and 6 Months for Accessories,"60,906 Ratings & 6,253 Reviews"
"realme Narzo 50A Prime (Flash Blue, 128 GB)","₹16,999",4 GB RAM | 128 GB ROM,16.76 cm (6.6 inch) Display,50MP Rear Camera,5000 mAh Battery,4.4,Not Available,12 Months Brand Warranty,155 Ratings & 10 Reviews
"realme C12 (Power Blue, 64 GB)","₹9,990",4 GB RAM | 64 GB ROM | Expandable Upto 256 GB,16.56 cm (6.52 inch) HD+ Display,13MP + 2MP + 2MP | 5MP Front Camera,6000 mAh Lithium-ion Battery,4.3,Mediatek Helio G35 Processor,Brand Warranty of 1 Year Available for Mobile and 6 Months for Accessories,255 Ratings & 15 Reviews
"realme C12 (Power Silver, 64 GB)","₹9,990",4 GB RAM | 64 GB ROM | Expandable Upto 256 GB,16.56 cm (6.52 inch) HD+ Display,13MP + 2MP + 2MP | 5MP Front Camera,6000 mAh Lithium-ion Battery,4.3,Mediatek Helio G35 Processor,Brand Warranty of 1 Year Available for Mobile and 6 Months for Accessories,"8,364 Ratings & 514 Reviews"
"realme 6i (Lunar White, 64 GB)","₹8,999",6 GB RAM | 64 GB ROM | Expandable Upto 256 GB,16.51 cm (6.5 inch) Full HD+ Display,48MP + 8MP + 2MP + 2MP | 16MP Front Camera,4300 mAh Battery,4.3,MediaTek Helio G90T Processor,Brand Warranty of 1 Year Available for Mobile and 6 Months for Accessories,255 Ratings & 15 Reviews
"realme 6i (Eclipse Black, 64 GB)","₹11,990",4 GB RAM | 64 GB ROM | Expandable Upto 256 GB,16.51 cm (6.5 inch) Full HD+ Display,48MP + 8MP + 2MP + 2MP | 16MP Front Camera,4300 mAh Battery,4.4,MediaTek Helio G90T Processor,Brand Warranty of 1 Year Available for Mobile and 6 Months for Accessories,155 Ratings & 10 Reviews
"realme narzo 50 5G (Hyper Black, 128 GB)","₹11,299",6 GB RAM | 128 GB ROM,16.76 cm (6.6 inch) Display,48MP Rear Camera,5000 mAh Battery,4.5,Not Available,12Months Brand Warranty,"4,69,231 Ratings & 48,770 Reviews"
"realme narzo 50 5G (Hyper Blue, 64 GB)","₹10,999",4 GB RAM | 64 GB ROM,16.76 cm (6.6 inch) Display,48MP Rear Camera,5000 mAh Battery,4.5,Not Available,12Months Brand Warranty,"4,69,231 Ratings & 48,770 Reviews"
"realme Narzo 60 5G (Cosmic Black, 128 GB)",Not Available,8 GB RAM | 128 GB ROM,16.33 cm (6.43 inch) Display,64MP Rear Camera,5000 mAh Battery,4.5,Not Available,Not Available,"3,03,852 Ratings & 26,111 Reviews"
"realme narzo 50 5G (Hyper Blue, 128 GB)",Not Available,4 GB RAM | 128 GB ROM,16.76 cm (6.6 inch) Display,48MP Rear Camera,5000 mAh Battery,4.5,Not Available,12Months Brand Warranty,"1,91,475 Ratings & 18,421 Reviews"
"realme narzo 50 5G (Hyper Blue, 128 GB)",Not Available,6 GB RAM | 128 GB ROM,16.76 cm (6.6 inch) Display,48MP Rear Camera,5000 mAh Battery,4.5,Not Available,12Months Brand Warranty,"1,82,651 Ratings & 13,311 Reviews"
"realme 2 (Diamond Black, 32 GB)",Not Available,3 GB RAM | 32 GB ROM | Expandable Upto 256 GB,15.75 cm (6.2 inch) HD+ Display,13MP + 2MP | 8MP Front Camera,4230 mAh Li-ion Battery,4.4,Qualcomm Snapdragon 450 Octa Core 1.8 GHz Processor,Brand Warranty of 1 Year Available for Mobile and 6 Months for Accessories,"80,219 Ratings & 6,517 Reviews"
"realme 2 (Diamond Red, 32 GB)",Not Available,3 GB RAM | 32 GB ROM | Expandable Upto 256 GB,15.75 cm (6.2 inch) HD+ Display,13MP + 2MP | 8MP Front Camera,4230 mAh Li-ion Battery,Not Available,Qualcomm Snapdragon 450 Octa Core 1.8 GHz Processor,Brand Warranty of 1 Year Available for Mobile and 6 Months for Accessories,Not Available
"realme 3i (Diamond Blue, 32 GB)",Not Available,3 GB RAM | 32 GB ROM | Expandable Upto 256 GB,15.8 cm (6.22 inch) HD+ Display,13MP + 2MP | 13MP Front Camera,4230 mAh Battery,Not Available,MediaTek Helio P60 Octa Core 2.0 GHz Processor,Brand Warranty of 1 Year Available for Mobile and 6 Months for Accessories,Not Available
"realme 2 (Diamond Black, 64 GB)",Not Available,4 GB RAM | 64 GB ROM | Expandable Upto 256 GB,15.75 cm (6.2 inch) HD+ Display,13MP + 2MP | 8MP Front Camera,4230 mAh Li-ion Battery,Not Available,Qualcomm Snapdragon 450 Octa Core 1.8 GHz Processor,Brand Warranty of 1 Year Available for Mobile and 6 Months for Accessories,Not Available
"realme Narzo 10 (That Blue, 128 GB)",Not Available,4 GB RAM | 128 GB ROM | Expandable Upto 256 GB,16.51 cm (6.5 inch) HD+ Display,48MP + 8MP + 2MP + 2MP | 16MP Front Camera,5000 mAh Lithium-ion Battery,Not Available,MediaTek Helio G80 (12 nm) Processor,Brand Warranty of 1 Year Available for Mobile and 6 Months for Accessories,Not Available
"realme 3i (Diamond Black, 64 GB)",Not Available,4 GB RAM | 64 GB ROM | Expandable Upto 256 GB,15.8 cm (6.22 inch) HD+ Display,13MP + 2MP | 13MP Front Camera,4230 mAh Battery,Not Available,MediaTek Helio P60 Octa Core 2.0 GHz Processor,Brand Warranty of 1 Year Available for Mobile and 6 Months for Accessories,Not Available
